lead_id,sponsor_company_id,attendee_id,event_id,scan_time,lead_score,note
LG25PEUKD,C040,A00324,K5-2024,2025-06-25T20:22:00,4,Wants case study
LOQXOCVX8,C040,A00065,K5-2024,2025-06-25T18:54:00,1,
LKVTBEOFT,C040,A00080,K5-2024,2025-06-25T19:07:00,5,Follow up after event
LKL2OEUVO,C040,A00415,K5-2025,2025-06-25T13:28:00,3,Wants case study
LK2VD7PV9,C040,A00246,K5-2025,2025-06-25T14:57:00,3,Interested in demo
LYUWO3SPW,C040,A00019,K5-2024,2025-06-25T20:39:00,5,
LUES1I8CF,C040,A00016,K5-2025,2025-06-25T19:08:00,3,Follow up after event
LNG2ZM2XV,C040,A00350,K5-2024,2025-06-25T15:06:00,4,Interested in demo
LUVM6RQBP,C040,A00232,K5-2024,2025-06-25T20:49:00,2,
LNEVMTXAB,C040,A00363,K5-2025,2025-06-25T13:43:00,4,Wants case study
LDIP3L8D6,C040,A00347,K5-2025,2025-06-25T09:58:00,1,Wants case study
LYQSNIVEE,C040,A00312,K5-2025,2025-06-25T19:31:00,4,
L9Q2M9MJN,C040,A00084,K5-2025,2025-06-25T19:07:00,3,Interested in demo
LJ62UKAE3,C040,A00419,K5-2024,2025-06-25T13:55:00,3,
LK7PN63YK,C040,A00328,K5-2025,2025-06-25T10:49:00,4,Interested in demo
LGJGULH5N,C040,A00201,K5-2025,2025-06-25T09:03:00,4,
LW5GPGLAR,C040,A00127,K5-2025,2025-06-25T17:23:00,2,Asked about pricing
L9378NTO2,C040,A00269,K5-2025,2025-06-25T11:52:00,5,Follow up after event
LIQT9MAN5,C040,A00380,K5-2025,2025-06-25T10:38:00,3,Wants case study
LH7JTNF8O,C040,A00037,K5-2025,2025-06-25T20:05:00,5,Interested in demo
L0YYNZMID,C040,A00244,K5-2025,2025-06-25T18:26:00,2,
LGKKNO9ST,C040,A00200,K5-2025,2025-06-25T15:50:00,1,
LT3SSMGHD,C040,A00320,K5-2025,2025-06-25T13:51:00,5,
LBOUE1QWP,C040,A00228,K5-2025,2025-06-25T14:12:00,4,Follow up after event
LW51EN6NX,C040,A00099,K5-2025,2025-06-25T16:38:00,1,
L1XN4KLZI,C040,A00141,K5-2025,2025-06-25T17:14:00,4,Interested in demo
L1ILTWFFI,C040,A00181,K5-2024,2025-06-25T14:52:00,3,Wants case study
LOUF03V3V,C040,A00371,K5-2025,2025-06-25T19:23:00,3,
LKAVM1RHD,C040,A00336,K5-2025,2025-06-25T13:17:00,3,Asked about pricing
LWTCRN942,C040,A00376,K5-2025,2025-06-25T13:00:00,1,Interested in demo
LMX3I7KX7,C040,A00105,K5-2025,2025-06-25T11:56:00,2,Asked about pricing
LE2UD9211,C040,A00028,K5-2025,2025-06-25T09:58:00,4,
LGBSAC7E3,C040,A00202,K5-2025,2025-06-25T18:38:00,3,Interested in demo
LZQJEX1OD,C040,A00118,K5-2024,2025-06-25T13:43:00,5,
LZ1O5OAH6,C040,A00061,K5-2025,2025-06-25T12:54:00,3,
LO36MBFNG,C040,A00030,K5-2025,2025-06-25T12:48:00,4,Wants case study
LX41TSXGI,C040,A00272,K5-2025,2025-06-25T21:00:00,4,Asked about pricing
LWMFMXJY8,C040,A00339,K5-2024,2025-06-25T09:10:00,1,Follow up after event
LEZ1EL4HN,C040,A00352,K5-2025,2025-06-25T16:27:00,5,Wants case study
L6RX6P72K,C040,A00414,K5-2025,2025-06-25T15:08:00,4,Follow up after event
L9H1CXKSL,C040,A00412,K5-2024,2025-06-25T11:55:00,3,Follow up after event
LW4RSN8E5,C040,A00319,K5-2024,2025-06-25T14:18:00,5,
LFPUCGSH4,C040,A00295,K5-2025,2025-06-25T10:53:00,2,
LIRVAI0XQ,C040,A00186,K5-2025,2025-06-25T18:44:00,1,
LSMD01P13,C040,A00259,K5-2025,2025-06-25T20:48:00,1,Interested in demo
L38B7Q10D,C040,A00306,K5-2025,2025-06-25T19:00:00,4,
L0LIP0YMP,C040,A00349,K5-2025,2025-06-25T12:09:00,1,Wants case study
LV1W9ZQVU,C040,A00060,K5-2025,2025-06-25T13:52:00,2,
LL238YSOZ,C040,A00174,K5-2025,2025-06-25T20:04:00,4,
L70NKB2PO,C040,A00255,K5-2025,2025-06-25T09:54:00,4,Wants case study
LR6J01XVI,C040,A00378,K5-2025,2025-06-25T20:30:00,1,Wants case study
LT2QHEDEO,C040,A00409,K5-2024,2025-06-25T10:44:00,4,
L46X9W51P,C040,A00138,K5-2025,2025-06-25T15:42:00,4,Follow up after event
LNHHYLDNQ,C040,A00215,K5-2025,2025-06-25T15:48:00,3,Asked about pricing
LVXPM5IYQ,C040,A00022,K5-2024,2025-06-25T12:44:00,1,Follow up after event
LS9DTSJDW,C040,A00005,K5-2024,2025-06-25T14:36:00,4,Asked about pricing
LWQ7MWVOP,C040,A00087,K5-2025,2025-06-25T16:14:00,1,Wants case study
LXTY8QVOQ,C040,A00212,K5-2024,2025-06-25T09:12:00,5,Asked about pricing
LOUCYS9RW,C040,A00229,K5-2025,2025-06-25T12:39:00,1,
LAUZNOMI2,C040,A00148,K5-2025,2025-06-25T09:41:00,1,Interested in demo
LOPATWKLN,C040,A00368,K5-2025,2025-06-25T13:28:00,4,Interested in demo
LD3DYGZBD,C040,A00183,K5-2024,2025-06-25T14:10:00,3,Wants case study
LH02VEEDS,C040,A00354,K5-2025,2025-06-25T12:52:00,1,Interested in demo
LKJG5NU3Y,C040,A00013,K5-2025,2025-06-25T11:40:00,4,Wants case study
L74L3XBNZ,C040,A00369,K5-2025,2025-06-25T18:17:00,4,Follow up after event
L8249M6A2,C040,A00226,K5-2024,2025-06-25T10:29:00,5,
LRPCW2II1,C040,A00254,K5-2025,2025-06-25T18:01:00,3,Asked about pricing
LAL7JKQ53,C040,A00073,K5-2025,2025-06-25T15:34:00,3,Interested in demo
LXACNWFB4,C040,A00299,K5-2025,2025-06-25T12:10:00,2,Interested in demo
LBDCKUXKS,C040,A00364,K5-2024,2025-06-25T14:40:00,3,
LUDWA7HTG,C040,A00304,K5-2025,2025-06-25T16:35:00,4,
LJX249QTM,C040,A00282,K5-2024,2025-06-25T13:55:00,3,Wants case study
L9C0LVJZR,C046,A00175,K5-2025,2025-06-25T14:17:00,5,
LQAD6COYB,C046,A00126,K5-2025,2025-06-25T12:31:00,3,Interested in demo
L8PVVDS02,C046,A00204,K5-2024,2025-06-25T19:02:00,2,Follow up after event
LZGI2CD6D,C046,A00197,K5-2024,2025-06-25T14:57:00,4,
LYE6ZZJQ8,C046,A00291,K5-2024,2025-06-25T10:46:00,3,
LOTYWXFU2,C046,A00227,K5-2024,2025-06-25T15:22:00,3,
L0FZI3C65,C046,A00257,K5-2025,2025-06-25T09:24:00,1,
LF63K2UIY,C046,A00211,K5-2025,2025-06-25T16:04:00,3,
LF4ZIPYNJ,C046,A00177,K5-2024,2025-06-25T17:59:00,2,Follow up after event
L8DJR99AX,C046,A00069,K5-2025,2025-06-25T11:21:00,3,
LVUUGAN5X,C046,A00168,K5-2025,2025-06-25T10:21:00,4,Interested in demo
L2596Y8KT,C046,A00180,K5-2025,2025-06-25T18:29:00,5,Asked about pricing
LT6E0V5MQ,C046,A00327,K5-2024,2025-06-25T19:44:00,1,Interested in demo
L3T2IXC2R,C046,A00151,K5-2025,2025-06-25T15:44:00,4,Asked about pricing
LHAIP95ZJ,C046,A00091,K5-2025,2025-06-25T09:00:00,4,Interested in demo
LWNPZRLHQ,C046,A00132,K5-2025,2025-06-25T17:37:00,3,
LWGQLMUHA,C046,A00106,K5-2024,2025-06-25T15:24:00,1,Asked about pricing
LVEWCFATG,C046,A00191,K5-2024,2025-06-25T13:45:00,5,Follow up after event
LE6FY3QUL,C046,A00155,K5-2024,2025-06-25T14:55:00,2,Follow up after event
L0DX6L0SX,C046,A00316,K5-2025,2025-06-25T14:33:00,5,
LBQ6TW1W8,C046,A00410,K5-2025,2025-06-25T10:54:00,3,Follow up after event
LR0HY8S9Z,C046,A00419,K5-2025,2025-06-25T11:55:00,3,
LXDRJOXWW,C046,A00406,K5-2025,2025-06-25T10:01:00,5,Wants case study
L6Z6WX50W,C046,A00261,K5-2025,2025-06-25T09:40:00,4,
LDT7B8INJ,C046,A00092,K5-2025,2025-06-25T10:24:00,3,
LXPQ4EMVP,C046,A00341,K5-2024,2025-06-25T16:03:00,3,Wants case study
LAPNBH94P,C046,A00272,K5-2024,2025-06-25T12:47:00,3,Wants case study
L0USZV9G6,C046,A00359,K5-2024,2025-06-25T16:33:00,4,
L4KOU8I4X,C046,A00007,K5-2024,2025-06-25T11:26:00,4,Interested in demo
LGXLDC742,C046,A00334,K5-2025,2025-06-25T17:50:00,5,Interested in demo
L98BKI4G1,C046,A00210,K5-2025,2025-06-25T12:20:00,2,Follow up after event
LM9EUJ1CY,C046,A00220,K5-2024,2025-06-25T13:23:00,5,Interested in demo
LT1IUK5XS,C046,A00098,K5-2024,2025-06-25T16:34:00,1,Asked about pricing
LZB6AG6O5,C046,A00051,K5-2025,2025-06-25T13:50:00,3,
L8EUFJMXF,C046,A00235,K5-2025,2025-06-25T17:26:00,2,Wants case study
LN4TUVJI0,C046,A00224,K5-2025,2025-06-25T09:40:00,5,Interested in demo
LU690ZMQO,C046,A00264,K5-2025,2025-06-25T15:42:00,5,Follow up after event
L1H8XB9ZG,C046,A00401,K5-2025,2025-06-25T19:11:00,4,Follow up after event
LBZOR7XE4,C046,A00018,K5-2025,2025-06-25T18:16:00,4,Asked about pricing
LC9TF9RF6,C046,A00356,K5-2024,2025-06-25T10:13:00,5,Interested in demo
L0GAE2VD5,C046,A00236,K5-2024,2025-06-25T11:57:00,5,
LUVV4D600,C046,A00336,K5-2025,2025-06-25T18:39:00,4,Wants case study
L6YLPKAWU,C046,A00384,K5-2025,2025-06-25T09:49:00,4,
LFEE1C9KV,C046,A00329,K5-2025,2025-06-25T18:04:00,3,
LLVUUU9PL,C046,A00193,K5-2025,2025-06-25T19:49:00,4,Interested in demo
LGVHCHHAA,C046,A00292,K5-2025,2025-06-25T15:06:00,2,Follow up after event
LCA4NMZTL,C046,A00153,K5-2025,2025-06-25T11:33:00,2,Interested in demo
LEZ6BISJR,C046,A00052,K5-2025,2025-06-25T17:33:00,3,Asked about pricing
LJEP3ET3U,C046,A00046,K5-2025,2025-06-25T14:55:00,5,
L729KRQ4W,C046,A00249,K5-2025,2025-06-25T18:23:00,4,Wants case study
LISQP7ZZO,C046,A00196,K5-2025,2025-06-25T14:10:00,3,Asked about pricing
LQSI6PO05,C046,A00360,K5-2025,2025-06-25T09:29:00,4,Asked about pricing
L3US3KC7H,C046,A00325,K5-2025,2025-06-25T19:09:00,4,Interested in demo
LI0E8GDA3,C046,A00268,K5-2024,2025-06-25T13:08:00,4,Wants case study
LAL6Z9QF5,C046,A00242,K5-2024,2025-06-25T13:29:00,4,Interested in demo
LF40JIALW,C046,A00209,K5-2024,2025-06-25T15:55:00,1,Interested in demo
LDA4EGNKH,C046,A00053,K5-2024,2025-06-25T12:29:00,1,Follow up after event
LJETKUZIE,C046,A00214,K5-2025,2025-06-25T17:47:00,5,Asked about pricing
L775T8B4X,C046,A00267,K5-2024,2025-06-25T18:35:00,5,Wants case study
LDE97PF6U,C046,A00311,K5-2024,2025-06-25T16:33:00,3,
LEVJIKOXO,C046,A00023,K5-2024,2025-06-25T11:38:00,3,
L4P2OJ6W0,C046,A00372,K5-2024,2025-06-25T17:55:00,4,
LZ808MK54,C046,A00223,K5-2024,2025-06-25T10:26:00,4,Asked about pricing
LI14FIJOT,C046,A00049,K5-2024,2025-06-25T16:51:00,4,
L3LEPYP77,C046,A00178,K5-2024,2025-06-25T17:11:00,4,Asked about pricing
LV9YN2KQY,C046,A00043,K5-2024,2025-06-25T13:17:00,3,Asked about pricing
L2VFXCSR1,C046,A00397,K5-2025,2025-06-25T16:05:00,5,Interested in demo
L5JQ1DFTU,C046,A00349,K5-2025,2025-06-25T10:37:00,4,Asked about pricing
L5379LXAM,C046,A00014,K5-2025,2025-06-25T20:40:00,5,Asked about pricing
L2E6T2HOM,C046,A00314,K5-2025,2025-06-25T13:14:00,5,
L9THGZ7HI,C046,A00277,K5-2025,2025-06-25T11:26:00,5,Follow up after event
LHIPIXIJP,C046,A00147,K5-2025,2025-06-25T11:53:00,3,Interested in demo
LBDAYBR6W,C046,A00202,K5-2025,2025-06-25T14:13:00,1,Asked about pricing
LTVSMGSOO,C046,A00042,K5-2024,2025-06-25T19:30:00,5,
LHSYR02QH,C046,A00084,K5-2025,2025-06-25T09:43:00,5,
LYNKDG6Q4,C046,A00238,K5-2024,2025-06-25T16:31:00,3,
LGG2B27JD,C046,A00233,K5-2025,2025-06-25T16:10:00,3,Follow up after event
LZIBA7T58,C046,A00050,K5-2025,2025-06-25T13:03:00,1,Follow up after event
L8JGJ97MR,C046,A00382,K5-2025,2025-06-25T12:10:00,5,Asked about pricing
L6NIS7W5H,C046,A00309,K5-2024,2025-06-25T17:39:00,4,
L7U23PYYP,C046,A00166,K5-2025,2025-06-25T17:52:00,4,Wants case study
L359NYT4I,C046,A00013,K5-2025,2025-06-25T16:58:00,3,Asked about pricing
LJ2ZADFV1,C046,A00354,K5-2024,2025-06-25T14:52:00,4,
LCVWPJMI3,C046,A00417,K5-2024,2025-06-25T15:30:00,2,Asked about pricing
LZTIKY57F,C046,A00399,K5-2025,2025-06-25T13:25:00,4,Interested in demo
LDGNZ6VFN,C046,A00134,K5-2025,2025-06-25T11:27:00,2,Interested in demo
LB29YY49N,C046,A00086,K5-2024,2025-06-25T14:06:00,3,
L1AX8WBB2,C046,A00400,K5-2024,2025-06-25T12:09:00,4,Asked about pricing
LV2K6OY0U,C046,A00310,K5-2024,2025-06-25T18:13:00,2,Wants case study
LY728JYHE,C046,A00391,K5-2025,2025-06-25T14:49:00,4,
L8KL791M3,C046,A00167,K5-2024,2025-06-25T10:07:00,3,Wants case study
LACMI4Q4R,C046,A00005,K5-2024,2025-06-25T15:21:00,3,
LKDB5VU7H,C053,A00281,K5-2025,2025-06-25T11:37:00,3,
LCHD0Z9BZ,C053,A00360,K5-2024,2025-06-25T12:26:00,2,
LH4FRTVRZ,C053,A00402,K5-2024,2025-06-25T17:47:00,2,
LMGNKUK5Q,C053,A00244,K5-2025,2025-06-25T11:15:00,5,
LYQ742T1L,C053,A00195,K5-2024,2025-06-25T10:31:00,5,Follow up after event
L4MHX4GHS,C053,A00017,K5-2025,2025-06-25T12:29:00,5,Interested in demo
LS9APHFV8,C053,A00329,K5-2024,2025-06-25T17:01:00,5,Interested in demo
LUZ48LG6V,C053,A00001,K5-2025,2025-06-25T11:30:00,4,Wants case study
L2EEENOX7,C053,A00098,K5-2025,2025-06-25T16:19:00,2,
LUONJAJ02,C053,A00311,K5-2025,2025-06-25T20:42:00,1,
LPOGI9VOT,C053,A00154,K5-2024,2025-06-25T17:24:00,2,Asked about pricing
LKPP66KQH,C053,A00202,K5-2025,2025-06-25T11:19:00,4,Asked about pricing
LRAQQAFRR,C053,A00242,K5-2024,2025-06-25T14:10:00,1,
LBLMDVHTZ,C053,A00328,K5-2025,2025-06-25T09:14:00,4,Asked about pricing
LN6O3I8WQ,C053,A00122,K5-2025,2025-06-25T13:20:00,4,Asked about pricing
L333HY5U5,C053,A00214,K5-2025,2025-06-25T09:48:00,1,
LWDVQV552,C053,A00265,K5-2024,2025-06-25T13:48:00,3,Interested in demo
LRE4ZO4YS,C053,A00279,K5-2025,2025-06-25T09:19:00,4,Wants case study
LFY94I7QU,C053,A00258,K5-2025,2025-06-25T20:02:00,4,Interested in demo
LW56L6LYF,C053,A00045,K5-2025,2025-06-25T19:53:00,5,Follow up after event
LK9XN8E0X,C053,A00144,K5-2024,2025-06-25T09:17:00,1,Interested in demo
LQE9DWTE7,C053,A00379,K5-2025,2025-06-25T18:47:00,5,Asked about pricing
LWJFLBHRO,C053,A00117,K5-2025,2025-06-25T14:41:00,4,
LC6Y2JLM9,C053,A00342,K5-2025,2025-06-25T15:45:00,4,Asked about pricing
LIM0HB96L,C053,A00295,K5-2025,2025-06-25T13:50:00,4,
LQH25ZO47,C053,A00068,K5-2025,2025-06-25T12:08:00,3,Wants case study
LYG92O0KC,C053,A00327,K5-2025,2025-06-25T17:45:00,4,
LA7G4FSPJ,C053,A00142,K5-2025,2025-06-25T11:55:00,5,
LQQNGNTGL,C053,A00121,K5-2025,2025-06-25T17:59:00,5,
L7RMBSMER,C053,A00313,K5-2025,2025-06-25T19:30:00,5,Interested in demo
LUV2X6QLP,C053,A00318,K5-2024,2025-06-25T17:57:00,4,Interested in demo
LGXOOSRJ7,C053,A00061,K5-2024,2025-06-25T09:59:00,5,Follow up after event
L97ZQJZPL,C053,A00090,K5-2024,2025-06-25T10:59:00,2,Wants case study
LVZ1FHWE5,C053,A00167,K5-2025,2025-06-25T09:55:00,4,Follow up after event
L7KOAQFH0,C053,A00225,K5-2024,2025-06-25T19:56:00,3,Follow up after event
LX7IX509P,C053,A00193,K5-2025,2025-06-25T18:12:00,4,
LP8KYNKV8,C053,A00006,K5-2025,2025-06-25T09:58:00,4,Interested in demo
LDSEKE5C6,C053,A00134,K5-2025,2025-06-25T13:24:00,2,Interested in demo
L3BIB8T49,C053,A00128,K5-2024,2025-06-25T10:33:00,3,
L6AZ2N61R,C053,A00323,K5-2024,2025-06-25T13:47:00,4,Asked about pricing
LFCTSGTCK,C053,A00224,K5-2024,2025-06-25T20:25:00,3,
LFSE5H778,C053,A00300,K5-2025,2025-06-25T13:49:00,3,Follow up after event
LM6XAAOW9,C053,A00203,K5-2025,2025-06-25T17:02:00,5,Asked about pricing
LL3ATOC7X,C053,A00080,K5-2025,2025-06-25T19:57:00,3,Follow up after event
L9PJ0I2W0,C053,A00135,K5-2025,2025-06-25T19:52:00,5,
LZJSZA4CE,C053,A00363,K5-2024,2025-06-25T17:43:00,1,
LEZUT169S,C053,A00322,K5-2025,2025-06-25T09:12:00,3,Follow up after event
L19PVD26P,C053,A00306,K5-2024,2025-06-25T18:22:00,1,Wants case study
L1A52GIVX,C053,A00024,K5-2025,2025-06-25T13:42:00,5,
LKVJSI50L,C053,A00177,K5-2025,2025-06-25T18:07:00,2,
LPUCWWGU7,C053,A00410,K5-2025,2025-06-25T10:18:00,4,Wants case study
L4P2EZG1Z,C053,A00054,K5-2025,2025-06-25T19:17:00,2,Asked about pricing
L5EBV6K8H,C053,A00023,K5-2024,2025-06-25T12:19:00,4,
LXTWXOANS,C053,A00186,K5-2025,2025-06-25T19:44:00,5,
L7XXM2E5R,C053,A00387,K5-2024,2025-06-25T16:44:00,3,Asked about pricing
LYT9ECVII,C053,A00266,K5-2024,2025-06-25T17:18:00,4,Wants case study
LFR4N0PG1,C053,A00247,K5-2025,2025-06-25T12:20:00,5,
LSAKNZGJ1,C053,A00370,K5-2025,2025-06-25T16:54:00,3,
L20T5I9EV,C053,A00339,K5-2024,2025-06-25T18:48:00,4,
LMJIDKL3A,C053,A00283,K5-2025,2025-06-25T17:34:00,3,Wants case study
L2LXRC3HW,C053,A00175,K5-2024,2025-06-25T11:47:00,4,
L7UZT9ZTE,C053,A00105,K5-2025,2025-06-25T17:01:00,3,
LE0QS5QWR,C053,A00419,K5-2024,2025-06-25T16:13:00,5,Asked about pricing
LWVL5YAHJ,C053,A00345,K5-2024,2025-06-25T10:40:00,2,
L9V7Y8LGF,C053,A00228,K5-2025,2025-06-25T16:46:00,3,
LHCVD44KF,C053,A00055,K5-2024,2025-06-25T17:45:00,3,Follow up after event
L9UL8DWI7,C053,A00317,K5-2024,2025-06-25T11:37:00,3,Interested in demo
L60SXLQTP,C053,A00199,K5-2025,2025-06-25T16:35:00,2,Interested in demo
L4904KCIR,C053,A00156,K5-2024,2025-06-25T10:29:00,3,Follow up after event
LU2NSRE1P,C053,A00059,K5-2025,2025-06-25T18:11:00,2,Wants case study
L10SP82U9,C053,A00399,K5-2025,2025-06-25T11:32:00,3,Wants case study
L1H003AFI,C053,A00012,K5-2025,2025-06-25T20:46:00,3,Wants case study
LLBF9C75J,C053,A00070,K5-2024,2025-06-25T17:31:00,5,
L1RMPA8XS,C053,A00240,K5-2025,2025-06-25T20:50:00,2,Follow up after event
LWHQPGOCZ,C053,A00140,K5-2025,2025-06-25T14:29:00,2,Wants case study
L49G28Y6H,C053,A00038,K5-2025,2025-06-25T20:57:00,5,Interested in demo
LA5C4GTZ7,C053,A00102,K5-2025,2025-06-25T16:25:00,3,
L4B7OS8GB,C053,A00094,K5-2025,2025-06-25T10:20:00,1,
LRI4DYKBG,C053,A00096,K5-2025,2025-06-25T11:40:00,1,Asked about pricing
L7F7BXTV7,C053,A00369,K5-2024,2025-06-25T12:52:00,5,Asked about pricing
L9U3J9ZQH,C053,A00394,K5-2025,2025-06-25T17:21:00,2,Wants case study
LMLGE5DH6,C053,A00340,K5-2025,2025-06-25T18:13:00,3,
LDMMZMNI6,C053,A00235,K5-2024,2025-06-25T17:15:00,4,
LPJ040LUL,C026,A00065,K5-2025,2025-06-25T18:22:00,2,Wants case study
LG8L5535O,C026,A00112,K5-2025,2025-06-25T19:32:00,5,Wants case study
L7PIRKN2L,C026,A00153,K5-2025,2025-06-25T15:22:00,3,Wants case study
LN5JKTQE8,C026,A00405,K5-2025,2025-06-25T18:28:00,1,Asked about pricing
LTQ3RJO8I,C026,A00117,K5-2024,2025-06-25T17:36:00,2,Interested in demo
LPA47DMHT,C026,A00051,K5-2025,2025-06-25T20:01:00,4,Follow up after event
LZGFLQMJC,C026,A00187,K5-2025,2025-06-25T18:56:00,5,Asked about pricing
LXIB4GK9J,C026,A00119,K5-2024,2025-06-25T20:29:00,2,Interested in demo
LQF75RBYO,C026,A00106,K5-2025,2025-06-25T15:46:00,5,Wants case study
LNJFXSP1S,C026,A00208,K5-2025,2025-06-25T11:45:00,2,Interested in demo
LEW7QKQN7,C026,A00303,K5-2024,2025-06-25T19:07:00,1,
LTHRXCDQD,C026,A00083,K5-2025,2025-06-25T13:39:00,4,Asked about pricing
LRTAEH22D,C026,A00043,K5-2025,2025-06-25T11:46:00,4,Asked about pricing
L9F2V50D1,C026,A00388,K5-2025,2025-06-25T09:42:00,3,Follow up after event
L7KQSTUC4,C026,A00296,K5-2025,2025-06-25T17:55:00,1,Wants case study
LDSGPZ1FK,C026,A00310,K5-2024,2025-06-25T19:43:00,2,
LGVICXEFY,C026,A00358,K5-2025,2025-06-25T10:10:00,1,Follow up after event
L0FCAA06A,C026,A00120,K5-2025,2025-06-25T11:33:00,4,
LBOLG3DWF,C026,A00029,K5-2024,2025-06-25T20:09:00,4,
LEH9JQX9T,C026,A00399,K5-2025,2025-06-25T10:59:00,4,Follow up after event
L0P9O6K4M,C026,A00176,K5-2025,2025-06-25T13:05:00,2,
LNVNC9QFF,C026,A00035,K5-2024,2025-06-25T09:15:00,5,Follow up after event
L6FU81VKY,C026,A00128,K5-2025,2025-06-25T12:31:00,4,Wants case study
LIOV6VJ0F,C026,A00232,K5-2025,2025-06-25T10:49:00,5,Asked about pricing
LAUUQTGHV,C026,A00011,K5-2025,2025-06-25T15:53:00,3,Asked about pricing
LUSN3H7HR,C026,A00259,K5-2025,2025-06-25T19:52:00,1,Asked about pricing
LP7GW89WL,C026,A00356,K5-2025,2025-06-25T10:48:00,3,Asked about pricing
LWXP4QFI2,C026,A00386,K5-2025,2025-06-25T09:59:00,1,Interested in demo
LGWYQXPVB,C026,A00003,K5-2025,2025-06-25T16:01:00,4,Interested in demo
L9UMW9QO3,C026,A00108,K5-2025,2025-06-25T11:58:00,3,
L3F057SOM,C026,A00389,K5-2025,2025-06-25T11:12:00,4,
LOB46RQ8N,C026,A00375,K5-2025,2025-06-25T14:13:00,3,
LE72S04YD,C026,A00260,K5-2025,2025-06-25T20:04:00,3,
LRPXGIY9E,C026,A00286,K5-2024,2025-06-25T20:20:00,4,
LSBFKYENW,C026,A00242,K5-2025,2025-06-25T10:34:00,3,Interested in demo
L4GUVTVNI,C026,A00066,K5-2024,2025-06-25T20:23:00,2,
LYX8JU3XA,C026,A00418,K5-2024,2025-06-25T17:43:00,3,Wants case study
L3HO9QTV4,C026,A00407,K5-2024,2025-06-25T16:46:00,5,Interested in demo
L6ZOWKBRB,C026,A00410,K5-2025,2025-06-25T14:06:00,2,
L48HFMQF3,C026,A00316,K5-2025,2025-06-25T11:41:00,3,
LTJXER4AG,C026,A00357,K5-2024,2025-06-25T10:13:00,2,Interested in demo
L4YI6GR0V,C026,A00406,K5-2025,2025-06-25T10:07:00,5,
LYLOIZJZ6,C026,A00311,K5-2024,2025-06-25T10:27:00,3,Follow up after event
L2123NZAZ,C026,A00082,K5-2025,2025-06-25T16:35:00,3,Wants case study
L2QZVWAIJ,C026,A00158,K5-2025,2025-06-25T21:00:00,5,Asked about pricing
L6W1WFJU1,C026,A00123,K5-2025,2025-06-25T16:09:00,3,Interested in demo
LZMLGOUD7,C026,A00093,K5-2025,2025-06-25T09:08:00,4,Asked about pricing
L0M7KAYN3,C026,A00292,K5-2025,2025-06-25T20:22:00,3,Wants case study
LPXYLHXUB,C026,A00111,K5-2025,2025-06-25T11:45:00,4,
LPDSOK10C,C026,A00072,K5-2024,2025-06-25T19:11:00,3,
L9V9IHLIF,C026,A00350,K5-2024,2025-06-25T13:20:00,3,
LS31B1WJA,C026,A00136,K5-2025,2025-06-25T11:17:00,4,Interested in demo
LRNGP9C37,C026,A00250,K5-2025,2025-06-25T15:49:00,2,
L8BQG717N,C026,A00340,K5-2024,2025-06-25T19:47:00,3,Wants case study
LAXVZNRFE,C026,A00214,K5-2025,2025-06-25T12:08:00,2,Follow up after event
LUWHBZZGB,C026,A00197,K5-2025,2025-06-25T18:48:00,2,Follow up after event
LLM5UEZZU,C026,A00401,K5-2025,2025-06-25T11:49:00,2,Asked about pricing
L0FLC80V9,C026,A00001,K5-2025,2025-06-25T09:31:00,4,
LOICPXS5Z,C026,A00223,K5-2024,2025-06-25T10:34:00,5,Follow up after event
LCPTYH3V2,C026,A00149,K5-2025,2025-06-25T17:03:00,3,Follow up after event
L3GOL0DW5,C026,A00230,K5-2025,2025-06-25T17:49:00,4,Follow up after event
LVVGE2VYZ,C026,A00233,K5-2025,2025-06-25T19:56:00,3,Interested in demo
LSSZY9BEQ,C030,A00019,K5-2025,2025-06-25T19:08:00,3,Wants case study
L1MSOACI5,C030,A00176,K5-2025,2025-06-25T12:16:00,5,Wants case study
LKUZXLMA2,C030,A00316,K5-2024,2025-06-25T15:26:00,5,Interested in demo
LKHRFLDGS,C030,A00058,K5-2024,2025-06-25T14:35:00,4,
LD5COKCKP,C030,A00193,K5-2025,2025-06-25T20:45:00,2,
LJN6WQH27,C030,A00230,K5-2025,2025-06-25T13:05:00,1,Asked about pricing
L4NRAIIH3,C030,A00242,K5-2025,2025-06-25T14:26:00,2,
L2KUH6SV2,C030,A00219,K5-2025,2025-06-25T17:56:00,1,Asked about pricing
LRZRUKFI8,C030,A00054,K5-2025,2025-06-25T19:04:00,4,Follow up after event
LAGUS96C3,C030,A00314,K5-2024,2025-06-25T11:58:00,3,Interested in demo
LNWY2Z3M2,C030,A00057,K5-2025,2025-06-25T19:11:00,5,Interested in demo
L2ZP2PP78,C030,A00274,K5-2025,2025-06-25T09:33:00,2,Follow up after event
LXEGJTZ8I,C030,A00385,K5-2025,2025-06-25T10:27:00,1,
L4V7ZENHQ,C030,A00087,K5-2024,2025-06-25T13:52:00,4,
L56G98N58,C030,A00077,K5-2025,2025-06-25T14:14:00,1,Interested in demo
LWABL4AQD,C030,A00076,K5-2024,2025-06-25T19:31:00,5,Follow up after event
LUWJJ536W,C030,A00111,K5-2024,2025-06-25T20:25:00,5,Asked about pricing
LN0VAO77N,C030,A00083,K5-2025,2025-06-25T11:34:00,4,Asked about pricing
LVH82INB1,C030,A00287,K5-2025,2025-06-25T12:43:00,2,Interested in demo
L3Z1UIBVA,C030,A00312,K5-2025,2025-06-25T17:51:00,3,Interested in demo
L1FPTFHVG,C030,A00180,K5-2025,2025-06-25T11:35:00,3,Wants case study
LH76EUOBJ,C030,A00115,K5-2024,2025-06-25T20:06:00,4,Follow up after event
LA8KM8FER,C030,A00241,K5-2025,2025-06-25T14:20:00,5,Interested in demo
LFSN7ELTD,C030,A00026,K5-2024,2025-06-25T18:56:00,5,
LBESFKBCJ,C030,A00031,K5-2024,2025-06-25T20:22:00,5,
LGYCYH44Q,C030,A00090,K5-2025,2025-06-25T12:56:00,2,Asked about pricing
L6XWMYFQD,C030,A00244,K5-2025,2025-06-25T10:34:00,2,Follow up after event
LXPMVR2T4,C030,A00199,K5-2024,2025-06-25T18:22:00,2,Follow up after event
L6K667GFD,C030,A00003,K5-2025,2025-06-25T10:32:00,3,Follow up after event
LWJ8NCEQN,C030,A00192,K5-2025,2025-06-25T12:01:00,4,Asked about pricing
LGTI7X1PC,C030,A00021,K5-2024,2025-06-25T15:42:00,1,Wants case study
L90933NXE,C030,A00271,K5-2024,2025-06-25T14:56:00,3,
L9GROWVJ5,C030,A00184,K5-2025,2025-06-25T16:40:00,3,Interested in demo
LZ9SV1IB3,C030,A00284,K5-2025,2025-06-25T20:50:00,5,Interested in demo
L02H5X7U5,C030,A00094,K5-2025,2025-06-25T09:58:00,5,Interested in demo
LFTYNC5C5,C030,A00106,K5-2024,2025-06-25T12:58:00,5,Follow up after event
LPN0OAKUY,C030,A00389,K5-2025,2025-06-25T14:42:00,4,
L0JPC0O6P,C030,A00323,K5-2024,2025-06-25T18:26:00,5,Follow up after event
LPD8DS0BI,C030,A00105,K5-2025,2025-06-25T16:03:00,2,
LONGTXA5J,C030,A00249,K5-2025,2025-06-25T17:06:00,3,
LHYOUOSD9,C030,A00355,K5-2025,2025-06-25T16:15:00,3,Interested in demo
LGC5LONZJ,C030,A00345,K5-2024,2025-06-25T10:31:00,5,
L7Q3YKEUG,C030,A00391,K5-2025,2025-06-25T19:09:00,3,
LVS9MBLAF,C030,A00033,K5-2025,2025-06-25T15:51:00,5,Wants case study
LSO7VACLM,C030,A00354,K5-2025,2025-06-25T15:43:00,5,Asked about pricing
L0FYFNDK9,C030,A00228,K5-2025,2025-06-25T15:32:00,1,Wants case study
LK9MU90LS,C030,A00081,K5-2025,2025-06-25T17:47:00,4,
LASATG8LS,C030,A00303,K5-2025,2025-06-25T13:28:00,5,
L6W5J7BZG,C030,A00009,K5-2025,2025-06-25T10:28:00,5,
LF6EEK63O,C030,A00221,K5-2024,2025-06-25T11:24:00,5,Asked about pricing
LAC2ZFLL7,C030,A00171,K5-2024,2025-06-25T16:02:00,4,Asked about pricing
LZDBIXQ53,C030,A00268,K5-2025,2025-06-25T20:20:00,1,
L85DOFWSD,C030,A00136,K5-2025,2025-06-25T10:21:00,5,
LQWOQWZZO,C030,A00393,K5-2024,2025-06-25T11:55:00,1,Asked about pricing
LBHGVWDSU,C030,A00222,K5-2024,2025-06-25T20:43:00,5,Interested in demo
LC0JNE4W3,C030,A00143,K5-2025,2025-06-25T17:47:00,1,Wants case study
LDOCD3AOB,C030,A00296,K5-2024,2025-06-25T16:09:00,4,
LJQN0XE50,C030,A00238,K5-2025,2025-06-25T18:08:00,3,Interested in demo
L8AJWS6UB,C030,A00197,K5-2025,2025-06-25T09:22:00,2,
L68BALF15,C030,A00392,K5-2025,2025-06-25T18:19:00,2,Asked about pricing
L7IHNQH71,C030,A00122,K5-2024,2025-06-25T13:55:00,3,Wants case study
LIKOX18CH,C030,A00133,K5-2025,2025-06-25T15:29:00,5,Wants case study
L8QZ3QN1X,C030,A00141,K5-2025,2025-06-25T13:37:00,1,
LR5XU4CKR,C030,A00350,K5-2025,2025-06-25T12:10:00,2,Wants case study
L2DMQZS4Y,C030,A00308,K5-2025,2025-06-25T15:32:00,1,Wants case study
LYD79RHK2,C030,A00304,K5-2025,2025-06-25T20:41:00,2,
LCS74EFCL,C030,A00051,K5-2025,2025-06-25T15:06:00,3,
LBY73UFI7,C030,A00025,K5-2024,2025-06-25T20:22:00,4,
LI9WNZGFL,C030,A00311,K5-2025,2025-06-25T17:01:00,4,
L501A32AI,C030,A00149,K5-2024,2025-06-25T11:03:00,2,Follow up after event
LT6DJ32IU,C030,A00395,K5-2024,2025-06-25T16:28:00,5,Wants case study
L0OL1ZNZJ,C030,A00270,K5-2024,2025-06-25T17:32:00,5,
LDPH9QQ1I,C030,A00007,K5-2025,2025-06-25T14:53:00,1,
LKED5106O,C030,A00108,K5-2025,2025-06-25T11:55:00,3,Wants case study
LDO1DPCHT,C030,A00044,K5-2025,2025-06-25T20:05:00,3,
LLICGBAET,C030,A00040,K5-2025,2025-06-25T16:47:00,4,Asked about pricing
LRDFZ90IM,C030,A00194,K5-2025,2025-06-25T16:27:00,3,Follow up after event
LPKFA599N,C030,A00336,K5-2025,2025-06-25T20:43:00,5,Wants case study
LHEAL2SIR,C030,A00001,K5-2025,2025-06-25T18:13:00,3,
LEVTXKE20,C030,A00332,K5-2025,2025-06-25T16:33:00,2,Wants case study
LGXGQFO8V,C030,A00338,K5-2025,2025-06-25T17:44:00,2,
LWXVKHV75,C030,A00196,K5-2024,2025-06-25T17:20:00,2,
LKVBR28DH,C030,A00337,K5-2024,2025-06-25T17:11:00,4,Asked about pricing
LV8DER2BN,C030,A00379,K5-2025,2025-06-25T11:52:00,3,Asked about pricing
LJIYR9H2Q,C030,A00145,K5-2024,2025-06-25T09:07:00,5,Interested in demo
LVAMJHE43,C030,A00023,K5-2025,2025-06-25T12:41:00,4,Interested in demo
LE0BR6MMQ,C030,A00420,K5-2025,2025-06-25T17:35:00,4,Wants case study
L9KLJVQER,C030,A00412,K5-2024,2025-06-25T20:28:00,3,Wants case study
LTYN3DC7O,C030,A00225,K5-2025,2025-06-25T09:07:00,1,Asked about pricing
LI9I9TKNQ,C030,A00018,K5-2024,2025-06-25T14:52:00,3,
L740INMMX,C030,A00383,K5-2024,2025-06-25T14:12:00,4,Asked about pricing
LBDS9781B,C030,A00257,K5-2025,2025-06-25T16:06:00,3,Interested in demo
LTCIF17JV,C048,A00174,K5-2024,2025-06-25T09:12:00,1,Asked about pricing
L65O4U76L,C048,A00023,K5-2025,2025-06-25T13:45:00,1,Asked about pricing
L39DVJOQX,C048,A00271,K5-2025,2025-06-25T14:53:00,4,Follow up after event
L120D027B,C048,A00036,K5-2025,2025-06-25T13:49:00,4,
LYNSJOND2,C048,A00291,K5-2024,2025-06-25T16:36:00,2,Asked about pricing
LQK58ETEO,C048,A00179,K5-2025,2025-06-25T15:31:00,5,Follow up after event
LNOO7TAWU,C048,A00197,K5-2024,2025-06-25T09:19:00,1,
L33R14XS6,C048,A00225,K5-2025,2025-06-25T09:41:00,1,Wants case study
LPET3BAH2,C048,A00359,K5-2024,2025-06-25T18:29:00,1,Asked about pricing
LQZ5R3KF4,C048,A00061,K5-2025,2025-06-25T18:24:00,3,Follow up after event
LVJE6JFTZ,C048,A00340,K5-2025,2025-06-25T18:47:00,3,
LETUOGYYM,C048,A00037,K5-2025,2025-06-25T16:16:00,4,
LYZYA4BIK,C048,A00230,K5-2025,2025-06-25T17:31:00,4,
LDPFMME2B,C048,A00299,K5-2025,2025-06-25T12:25:00,3,Wants case study
L6O8LSSO9,C048,A00054,K5-2025,2025-06-25T15:51:00,3,Wants case study
L2SM47AV1,C048,A00172,K5-2024,2025-06-25T17:39:00,2,Asked about pricing
LBVNWDIJP,C048,A00108,K5-2025,2025-06-25T19:57:00,3,Wants case study
LGJCEMSYI,C048,A00417,K5-2024,2025-06-25T13:24:00,3,Wants case study
L14F0KJM2,C048,A00330,K5-2024,2025-06-25T19:53:00,4,Interested in demo
LNY3H5SW4,C048,A00190,K5-2025,2025-06-25T12:38:00,5,Follow up after event
LQZAOTQS4,C048,A00399,K5-2025,2025-06-25T10:56:00,3,Follow up after event
L6VZAKDHH,C048,A00255,K5-2025,2025-06-25T13:32:00,4,
LHPVYE4NC,C048,A00248,K5-2025,2025-06-25T16:20:00,3,Follow up after event
LWM0L373C,C048,A00189,K5-2025,2025-06-25T16:09:00,5,Asked about pricing
LTNGVEGP9,C048,A00380,K5-2025,2025-06-25T15:32:00,5,
L8YX6U0Q2,C048,A00323,K5-2025,2025-06-25T20:48:00,2,
LBEINMKLW,C048,A00405,K5-2024,2025-06-25T16:56:00,3,
LI3YS2AU2,C048,A00191,K5-2025,2025-06-25T14:45:00,4,Interested in demo
LM81UVXFI,C048,A00030,K5-2025,2025-06-25T15:15:00,2,
LWVFHLN59,C048,A00236,K5-2024,2025-06-25T16:54:00,2,
LT4CCDN72,C048,A00122,K5-2025,2025-06-25T09:44:00,1,Wants case study
LK9F13K1P,C048,A00014,K5-2024,2025-06-25T18:36:00,1,Wants case study
L0KAULHO8,C048,A00226,K5-2025,2025-06-25T19:13:00,4,Wants case study
LZBTZ51B9,C048,A00315,K5-2024,2025-06-25T09:16:00,2,
L1Q780CXE,C048,A00354,K5-2025,2025-06-25T16:14:00,4,
LEKBTDI1K,C048,A00156,K5-2025,2025-06-25T18:53:00,2,Interested in demo
LW37IG97L,C048,A00406,K5-2025,2025-06-25T14:03:00,3,
L4WQA4NK0,C048,A00079,K5-2025,2025-06-25T14:22:00,5,Wants case study
LF18FTSYS,C048,A00081,K5-2025,2025-06-25T18:20:00,2,Asked about pricing
LKG0HG0J1,C048,A00322,K5-2025,2025-06-25T17:31:00,3,
L279PIQHF,C048,A00042,K5-2025,2025-06-25T18:58:00,2,Wants case study
LMA8NWXP0,C048,A00345,K5-2024,2025-06-25T12:30:00,4,
LI12HGQLJ,C048,A00213,K5-2024,2025-06-25T14:31:00,4,Asked about pricing
L7FN6ZENI,C048,A00152,K5-2025,2025-06-25T13:34:00,2,Wants case study
LDWOHLLEV,C048,A00237,K5-2024,2025-06-25T11:38:00,5,Asked about pricing
LHM9ZH47L,C048,A00325,K5-2025,2025-06-25T12:23:00,5,Follow up after event
LVMWQCNQD,C048,A00119,K5-2025,2025-06-25T10:49:00,1,Follow up after event
L5YB1VF52,C048,A00280,K5-2025,2025-06-25T12:06:00,2,
LY15LS8N0,C048,A00333,K5-2025,2025-06-25T17:04:00,3,Wants case study
L0LU3IMAV,C048,A00341,K5-2025,2025-06-25T10:57:00,4,Asked about pricing
L2FJN02OR,C048,A00041,K5-2025,2025-06-25T16:51:00,4,Follow up after event
LGBOLK6B0,C048,A00064,K5-2025,2025-06-25T09:21:00,5,Asked about pricing
LOJOVSZJO,C048,A00270,K5-2024,2025-06-25T20:55:00,3,
LYGWBZ2PW,C048,A00161,K5-2024,2025-06-25T14:49:00,4,Wants case study
LEPLN9CE1,C048,A00366,K5-2025,2025-06-25T09:25:00,5,Follow up after event
LHZYCAT9S,C048,A00244,K5-2025,2025-06-25T20:28:00,4,Asked about pricing
L2RF4ZPIC,C048,A00379,K5-2025,2025-06-25T11:37:00,3,Wants case study
LX0HHTMRA,C048,A00320,K5-2024,2025-06-25T20:11:00,2,Asked about pricing
LLRP9IR1O,C048,A00238,K5-2024,2025-06-25T10:00:00,1,Interested in demo
LI936PSUH,C048,A00376,K5-2024,2025-06-25T10:16:00,5,Asked about pricing
LPXVVKB36,C048,A00334,K5-2024,2025-06-25T09:16:00,3,
LPBIZM8D5,C048,A00419,K5-2025,2025-06-25T20:13:00,2,Wants case study
LWJTX00SE,C048,A00154,K5-2024,2025-06-25T11:08:00,2,Asked about pricing
LHNL97VGT,C048,A00290,K5-2025,2025-06-25T15:37:00,4,Asked about pricing
LRH08B69E,C048,A00224,K5-2024,2025-06-25T20:59:00,3,Follow up after event
LFS6NC4XZ,C048,A00324,K5-2024,2025-06-25T15:24:00,5,Interested in demo
LQMX8UWCJ,C048,A00181,K5-2024,2025-06-25T13:23:00,3,Interested in demo
L8KDJ4OI7,C048,A00346,K5-2025,2025-06-25T12:02:00,4,Follow up after event
LZSSOMQEE,C048,A00140,K5-2025,2025-06-25T17:19:00,5,
LAPEHN6WK,C048,A00281,K5-2025,2025-06-25T19:53:00,4,Wants case study
LJMLKLAVX,C048,A00402,K5-2025,2025-06-25T09:42:00,5,Asked about pricing
LD8ZYI8TF,C048,A00132,K5-2025,2025-06-25T16:44:00,4,Asked about pricing
LQAAVZVTN,C048,A00077,K5-2025,2025-06-25T20:19:00,5,Interested in demo
L3A30AHBQ,C048,A00283,K5-2025,2025-06-25T15:09:00,2,Wants case study
LJVOH9GDO,C048,A00198,K5-2025,2025-06-25T16:44:00,1,Asked about pricing
LOF21HY6M,C048,A00217,K5-2025,2025-06-25T12:56:00,2,Follow up after event
L6NR507GW,C048,A00390,K5-2025,2025-06-25T11:44:00,3,Interested in demo
L5841YBF6,C048,A00105,K5-2025,2025-06-25T12:53:00,3,Interested in demo
L9S874PPG,C048,A00342,K5-2025,2025-06-25T15:10:00,4,Interested in demo
LYWIA5L34,C048,A00085,K5-2024,2025-06-25T15:11:00,3,Wants case study
L775L7DG5,C048,A00391,K5-2025,2025-06-25T18:20:00,3,Wants case study
L8LCF53PX,C048,A00178,K5-2024,2025-06-25T09:37:00,4,
L7KHRRRZG,C048,A00219,K5-2024,2025-06-25T11:19:00,3,Interested in demo
LB5ONJAOL,C048,A00394,K5-2024,2025-06-25T19:51:00,3,Follow up after event
LGZR7Z7OQ,C048,A00031,K5-2025,2025-06-25T13:15:00,1,Interested in demo
LHLHWU018,C048,A00062,K5-2025,2025-06-25T18:00:00,3,Wants case study
LYTU3X840,C048,A00039,K5-2025,2025-06-25T17:45:00,1,Follow up after event
LX3T3S9C4,C048,A00382,K5-2025,2025-06-25T13:01:00,5,Wants case study
L9C3RML8M,C048,A00137,K5-2025,2025-06-25T18:52:00,1,Wants case study
LOXUTDAXA,C048,A00414,K5-2025,2025-06-25T17:51:00,3,Wants case study
LK0LBFLXZ,C048,A00034,K5-2025,2025-06-25T16:51:00,3,
LUBXMVGOI,C048,A00012,K5-2024,2025-06-25T20:34:00,1,
L8NSW1MJX,C048,A00118,K5-2025,2025-06-25T14:17:00,1,Wants case study
LRWU9MHO6,C048,A00337,K5-2024,2025-06-25T10:01:00,4,
LGYNFE3GZ,C048,A00164,K5-2024,2025-06-25T18:19:00,2,Wants case study
LJ7FOK31T,C048,A00338,K5-2025,2025-06-25T18:10:00,2,
LKVB08QQV,C048,A00369,K5-2025,2025-06-25T15:28:00,5,Interested in demo
LQ5EYVJWE,C051,A00278,K5-2024,2025-06-25T09:19:00,3,
L53S62YJD,C051,A00302,K5-2025,2025-06-25T10:59:00,4,Interested in demo
LDYZ8NN42,C051,A00074,K5-2025,2025-06-25T16:06:00,2,
LVLOCSL2T,C051,A00166,K5-2025,2025-06-25T11:10:00,3,
L7DWZ0A3X,C051,A00280,K5-2024,2025-06-25T09:36:00,4,
L9PZHJROK,C051,A00171,K5-2025,2025-06-25T18:47:00,4,
L0N3H9565,C051,A00009,K5-2025,2025-06-25T19:13:00,4,Interested in demo
LPS7O4CZE,C051,A00072,K5-2024,2025-06-25T13:39:00,1,
LD562RES6,C051,A00114,K5-2024,2025-06-25T09:01:00,5,
L98VAZWAP,C051,A00027,K5-2025,2025-06-25T09:17:00,2,Interested in demo
LCY1LFJIU,C051,A00062,K5-2025,2025-06-25T13:39:00,4,Follow up after event
L6AIWQCNK,C051,A00360,K5-2024,2025-06-25T10:02:00,5,
LTP8UIFYF,C051,A00353,K5-2025,2025-06-25T16:16:00,2,
L9CRK8QGL,C051,A00352,K5-2024,2025-06-25T14:49:00,4,Follow up after event
LET7T7NN6,C051,A00196,K5-2024,2025-06-25T14:13:00,3,Asked about pricing
LDWWLJI9M,C051,A00294,K5-2025,2025-06-25T19:00:00,5,Wants case study
L5XMZJSW1,C051,A00055,K5-2024,2025-06-25T13:11:00,2,
L1TWDSDW2,C051,A00376,K5-2025,2025-06-25T15:32:00,3,Asked about pricing
LPWU94YMB,C051,A00043,K5-2024,2025-06-25T20:33:00,2,Asked about pricing
LIZX4CRMM,C051,A00255,K5-2025,2025-06-25T13:23:00,2,
L3QTEUWEM,C051,A00243,K5-2025,2025-06-25T13:32:00,5,
LTC9O7B16,C051,A00248,K5-2025,2025-06-25T16:30:00,2,Wants case study
LNWLI6XRQ,C051,A00356,K5-2024,2025-06-25T16:21:00,4,Follow up after event
LD05BDDYE,C051,A00389,K5-2024,2025-06-25T12:04:00,5,Interested in demo
LPW2P2NP3,C051,A00241,K5-2025,2025-06-25T17:01:00,5,Wants case study
LSTL1BL3L,C051,A00008,K5-2025,2025-06-25T12:01:00,4,Interested in demo
L2UHXUFCS,C051,A00277,K5-2024,2025-06-25T17:34:00,5,Interested in demo
L8ZYFRUSI,C051,A00270,K5-2024,2025-06-25T11:40:00,2,Interested in demo
LBKE30IXS,C051,A00380,K5-2025,2025-06-25T18:41:00,2,
LOUULNFW3,C051,A00022,K5-2025,2025-06-25T12:53:00,3,Wants case study
LVOGCB0EK,C051,A00021,K5-2025,2025-06-25T17:42:00,1,
LHURIYX8M,C051,A00151,K5-2025,2025-06-25T16:08:00,3,Wants case study
LSOEQ7NYP,C051,A00213,K5-2024,2025-06-25T18:33:00,5,Wants case study
LISOJQK8Q,C051,A00391,K5-2025,2025-06-25T11:10:00,5,
L0F017S02,C051,A00137,K5-2025,2025-06-25T17:45:00,3,Wants case study
LX05SKAF6,C051,A00343,K5-2024,2025-06-25T09:49:00,4,
LZMJKYQIF,C051,A00237,K5-2025,2025-06-25T17:28:00,2,
LCZ1AC6M3,C051,A00235,K5-2025,2025-06-25T16:59:00,3,
LBEGWN4V0,C051,A00051,K5-2025,2025-06-25T11:30:00,3,Follow up after event
L99X5JPDQ,C051,A00345,K5-2025,2025-06-25T13:09:00,5,Follow up after event
LOL06B9XS,C051,A00080,K5-2025,2025-06-25T13:30:00,3,Wants case study
LUOAXGSPI,C051,A00160,K5-2024,2025-06-25T19:53:00,1,
LE5T6VQ0Z,C051,A00054,K5-2025,2025-06-25T10:10:00,3,Wants case study
L2GA82UIG,C051,A00344,K5-2025,2025-06-25T19:37:00,5,
LSPD1LGX1,C051,A00206,K5-2024,2025-06-25T09:20:00,3,Follow up after event
L56GNX33E,C051,A00346,K5-2025,2025-06-25T20:33:00,2,
LALBSEXO3,C051,A00059,K5-2024,2025-06-25T14:31:00,3,
LEDZ8P48F,C051,A00325,K5-2025,2025-06-25T19:01:00,1,Follow up after event
LC51LTTN0,C051,A00406,K5-2024,2025-06-25T12:57:00,1,
LKM5CDEPP,C051,A00154,K5-2025,2025-06-25T19:51:00,4,Interested in demo
L3AGGJNHA,C051,A00205,K5-2025,2025-06-25T11:29:00,5,
LLKZVHLYF,C051,A00045,K5-2025,2025-06-25T18:30:00,1,
L7K287PDA,C051,A00305,K5-2025,2025-06-25T11:46:00,4,
L9EIR7OHS,C051,A00298,K5-2024,2025-06-25T14:23:00,5,Wants case study
LC3Q4DME4,C051,A00262,K5-2025,2025-06-25T16:37:00,1,Wants case study
LFSJOFEV9,C051,A00038,K5-2025,2025-06-25T17:02:00,3,Interested in demo
LMCB69WEG,C051,A00414,K5-2024,2025-06-25T14:27:00,3,
LBMKL4U9L,C051,A00292,K5-2024,2025-06-25T10:11:00,4,Follow up after event
L103N3DZY,C051,A00042,K5-2024,2025-06-25T18:39:00,4,Wants case study
LY62OVNYD,C051,A00029,K5-2024,2025-06-25T20:56:00,2,
LVGJTYVYY,C051,A00284,K5-2025,2025-06-25T19:35:00,5,Asked about pricing
L5LSAM3Z3,C051,A00077,K5-2024,2025-06-25T15:46:00,3,Follow up after event
LATWBGTFU,C051,A00419,K5-2025,2025-06-25T10:32:00,5,Asked about pricing
L8QLVSNS1,C051,A00069,K5-2025,2025-06-25T13:30:00,4,Follow up after event
LZJ3TO2LV,C051,A00207,K5-2024,2025-06-25T19:41:00,1,Follow up after event
LLMPJ42XX,C051,A00231,K5-2025,2025-06-25T14:00:00,3,Wants case study
LJ1D9FH16,C051,A00203,K5-2024,2025-06-25T11:39:00,2,
LSLNJ707X,C049,A00043,K5-2024,2025-06-25T09:32:00,5,Follow up after event
LIVFEBR31,C049,A00369,K5-2025,2025-06-25T11:05:00,2,Wants case study
L3Q6ZFVHN,C049,A00343,K5-2024,2025-06-25T09:54:00,2,
L8UR6AZ3G,C049,A00142,K5-2025,2025-06-25T11:34:00,3,
LG0V01UUM,C049,A00235,K5-2025,2025-06-25T19:19:00,2,Asked about pricing
LIOM4RW9X,C049,A00111,K5-2024,2025-06-25T18:10:00,3,Asked about pricing
LB0F8K4F9,C049,A00390,K5-2025,2025-06-25T18:10:00,3,
LH620PIW4,C049,A00416,K5-2024,2025-06-25T09:22:00,4,Follow up after event
L8WRBA16O,C049,A00339,K5-2024,2025-06-25T19:18:00,4,Interested in demo
LD9NHBP5B,C049,A00170,K5-2025,2025-06-25T20:19:00,4,
L516GWMGJ,C049,A00162,K5-2025,2025-06-25T20:01:00,4,Asked about pricing
LED43BHAT,C049,A00172,K5-2024,2025-06-25T14:47:00,3,
L08T3HZQ1,C049,A00091,K5-2025,2025-06-25T18:47:00,4,
LPRK2GGB6,C049,A00370,K5-2025,2025-06-25T14:34:00,4,Asked about pricing
LK3L429FA,C049,A00258,K5-2025,2025-06-25T17:49:00,4,Follow up after event
LM59PFLE5,C049,A00280,K5-2025,2025-06-25T16:27:00,1,Interested in demo
L7WFBAWKE,C049,A00403,K5-2024,2025-06-25T16:47:00,2,
LOUOKO2FR,C049,A00312,K5-2025,2025-06-25T12:57:00,4,Interested in demo
LAM8ZI0SD,C049,A00249,K5-2025,2025-06-25T10:46:00,5,Wants case study
LBKO86TYW,C049,A00119,K5-2024,2025-06-25T15:19:00,2,Follow up after event
L1GV69380,C049,A00081,K5-2024,2025-06-25T19:18:00,4,Wants case study
LVUV3UC06,C049,A00417,K5-2025,2025-06-25T12:43:00,3,
LPGI3MU5A,C049,A00098,K5-2025,2025-06-25T18:34:00,3,
LP8B6ZLFZ,C049,A00145,K5-2024,2025-06-25T09:32:00,3,
LKCM94TXW,C049,A00251,K5-2025,2025-06-25T12:15:00,2,
L8M8JEXB5,C049,A00034,K5-2025,2025-06-25T10:10:00,5,Interested in demo
L63BT3U1E,C049,A00296,K5-2025,2025-06-25T10:47:00,3,Interested in demo
LPBGGDBPA,C049,A00056,K5-2024,2025-06-25T18:28:00,2,Asked about pricing
LCI2K0YYW,C049,A00320,K5-2025,2025-06-25T17:46:00,3,Wants case study
LEHXTOOIO,C049,A00110,K5-2025,2025-06-25T09:52:00,2,Wants case study
LCIAIHMV9,C049,A00358,K5-2024,2025-06-25T15:59:00,1,Wants case study
LE6YVGFIM,C049,A00315,K5-2024,2025-06-25T19:52:00,5,
L9ILH5B15,C049,A00325,K5-2025,2025-06-25T15:21:00,5,
L5VNTMJGI,C049,A00063,K5-2025,2025-06-25T16:55:00,1,
LZEJC2XMU,C049,A00405,K5-2025,2025-06-25T17:32:00,4,Wants case study
LJTAZ8FPV,C049,A00117,K5-2024,2025-06-25T20:40:00,5,Interested in demo
L1L1M2SU6,C049,A00127,K5-2024,2025-06-25T12:01:00,3,
LRMC2HFE2,C049,A00059,K5-2024,2025-06-25T14:31:00,2,Interested in demo
L7E9GSV5V,C049,A00201,K5-2025,2025-06-25T20:18:00,3,Wants case study
L1BGNKG8Q,C049,A00177,K5-2024,2025-06-25T20:45:00,2,Asked about pricing
LRAQ6GUKT,C049,A00086,K5-2024,2025-06-25T19:53:00,2,Interested in demo
LPH0CKQK2,C049,A00006,K5-2024,2025-06-25T18:34:00,5,
LVIT0LA8S,C049,A00322,K5-2024,2025-06-25T16:27:00,3,Wants case study
L791T43VH,C049,A00404,K5-2024,2025-06-25T10:34:00,4,Follow up after event
LQQHS853K,C049,A00073,K5-2025,2025-06-25T12:58:00,4,Asked about pricing
LR7HC4AS9,C049,A00011,K5-2024,2025-06-25T18:46:00,3,
LSRG5X61Z,C049,A00278,K5-2025,2025-06-25T14:18:00,1,Interested in demo
LO8L6AQFC,C049,A00411,K5-2025,2025-06-25T13:57:00,2,Follow up after event
LJN8VURXZ,C049,A00206,K5-2024,2025-06-25T10:57:00,3,Follow up after event
LHSXSX1D7,C049,A00213,K5-2025,2025-06-25T11:57:00,5,
LY2SWXU4Q,C049,A00209,K5-2024,2025-06-25T10:12:00,1,Asked about pricing
LVJ56R8HY,C049,A00134,K5-2025,2025-06-25T13:42:00,3,
LP7Y7C0KE,C049,A00318,K5-2025,2025-06-25T14:04:00,4,Wants case study
L5JQX37MO,C049,A00042,K5-2025,2025-06-25T15:36:00,2,Asked about pricing
LJ51VM0C0,C049,A00151,K5-2025,2025-06-25T16:08:00,4,
L1VMLSEJW,C049,A00138,K5-2025,2025-06-25T12:19:00,2,Wants case study
L35BMOA2Y,C049,A00048,K5-2025,2025-06-25T14:34:00,5,
LZ8XOGX87,C049,A00012,K5-2024,2025-06-25T15:46:00,4,Asked about pricing
LNC1PMJCI,C049,A00186,K5-2025,2025-06-25T13:24:00,3,Follow up after event
LPH32WQJ4,C049,A00220,K5-2025,2025-06-25T20:21:00,5,Wants case study
LY3A24FB5,C049,A00344,K5-2025,2025-06-25T13:27:00,2,
LT7GRC54P,C049,A00167,K5-2025,2025-06-25T20:32:00,3,
L9V4CILPF,C049,A00378,K5-2025,2025-06-25T19:50:00,3,Follow up after event
L5JDTIWCT,C049,A00261,K5-2024,2025-06-25T14:45:00,4,Wants case study
LSIWSID1N,C049,A00419,K5-2025,2025-06-25T13:30:00,1,Follow up after event
LHND2UY6J,C049,A00271,K5-2024,2025-06-25T14:19:00,4,
LQXN04ISD,C049,A00333,K5-2024,2025-06-25T14:28:00,4,Interested in demo
LU3G2X3CS,C049,A00227,K5-2025,2025-06-25T11:28:00,4,Wants case study
L1YI96OH1,C049,A00359,K5-2025,2025-06-25T14:47:00,4,
L5K4MVLWC,C049,A00197,K5-2025,2025-06-25T15:11:00,4,Follow up after event
LMV2R8F0O,C049,A00354,K5-2025,2025-06-25T12:37:00,5,
LMNRR22O1,C049,A00308,K5-2024,2025-06-25T19:11:00,4,
LB35XS69U,C049,A00250,K5-2024,2025-06-25T09:56:00,3,Wants case study
LA760EK1E,C049,A00027,K5-2024,2025-06-25T12:09:00,2,Follow up after event
L99MQUH71,C049,A00412,K5-2025,2025-06-25T19:06:00,5,Asked about pricing
LZXY4FJ8U,C049,A00304,K5-2024,2025-06-25T20:46:00,4,Wants case study
LRZVO9PEG,C049,A00364,K5-2025,2025-06-25T14:45:00,3,Follow up after event
L50Z6DYEL,C049,A00402,K5-2025,2025-06-25T20:42:00,2,Interested in demo
LXJC00YBJ,C049,A00210,K5-2025,2025-06-25T09:14:00,2,Follow up after event
L5VT89I2Y,C049,A00218,K5-2024,2025-06-25T09:43:00,5,
LXMRXEEW3,C049,A00254,K5-2024,2025-06-25T19:56:00,3,Interested in demo
L8O3WISEL,C049,A00163,K5-2024,2025-06-25T10:15:00,3,Wants case study
LG5S5QLRN,C049,A00018,K5-2025,2025-06-25T11:42:00,2,
L9S9F3566,C049,A00153,K5-2024,2025-06-25T14:46:00,5,Asked about pricing
LRIBKN1O5,C049,A00281,K5-2024,2025-06-25T11:01:00,2,
LLG2FUS0S,C049,A00049,K5-2025,2025-06-25T13:55:00,1,
LRFTSDBRZ,C049,A00408,K5-2024,2025-06-25T15:08:00,4,Interested in demo
LXJ02T7ON,C049,A00089,K5-2025,2025-06-25T09:09:00,4,
LN11PQVBS,C049,A00144,K5-2025,2025-06-25T15:49:00,3,
LTTT8Z39B,C049,A00007,K5-2024,2025-06-25T20:09:00,2,
L095YXXY2,C049,A00055,K5-2024,2025-06-25T15:25:00,2,
LHSI7ACJS,C049,A00361,K5-2024,2025-06-25T09:16:00,1,
L7A7GM68D,C049,A00171,K5-2025,2025-06-25T16:54:00,3,
LGPQCB8DA,C049,A00383,K5-2025,2025-06-25T14:19:00,1,Asked about pricing
LJJ3RYY2T,C049,A00341,K5-2025,2025-06-25T09:25:00,4,Follow up after event
LRBPAQB64,C049,A00195,K5-2024,2025-06-25T17:48:00,2,Interested in demo
LBJAIJ4B5,C049,A00399,K5-2024,2025-06-25T14:39:00,1,
LTHFBCSQU,C049,A00004,K5-2025,2025-06-25T14:47:00,2,
LDAO12Y6Y,C049,A00060,K5-2024,2025-06-25T17:09:00,5,Asked about pricing
L6OA17PTE,C049,A00319,K5-2024,2025-06-25T19:46:00,4,Asked about pricing
LLD45TEH0,C049,A00285,K5-2024,2025-06-25T16:51:00,3,Asked about pricing
LEKW7B5EG,C049,A00157,K5-2025,2025-06-25T11:54:00,5,
LHO3VZR75,C049,A00314,K5-2024,2025-06-25T11:12:00,3,
LY83TODJD,C049,A00028,K5-2025,2025-06-25T10:11:00,3,Follow up after event
LSNZL6IHH,C049,A00365,K5-2025,2025-06-25T13:58:00,4,
LMYS1ZISQ,C019,A00420,K5-2024,2025-06-25T16:05:00,2,Wants case study
LGHAMCKER,C019,A00338,K5-2025,2025-06-25T13:23:00,2,Asked about pricing
L72MTDC3D,C019,A00332,K5-2024,2025-06-25T15:16:00,2,Wants case study
LIHHH7IXI,C019,A00410,K5-2024,2025-06-25T18:31:00,2,Wants case study
LS806SCC4,C019,A00379,K5-2025,2025-06-25T16:08:00,5,Wants case study
L56L12YIB,C019,A00084,K5-2024,2025-06-25T14:40:00,3,Wants case study
LJSMOLEKX,C019,A00146,K5-2025,2025-06-25T13:47:00,5,Asked about pricing
LY9K3911H,C019,A00031,K5-2025,2025-06-25T19:24:00,2,Interested in demo
LAQEDR5OM,C019,A00263,K5-2025,2025-06-25T13:52:00,3,
L31DK2YPE,C019,A00097,K5-2024,2025-06-25T11:52:00,3,Interested in demo
LFG57A95P,C019,A00336,K5-2024,2025-06-25T12:43:00,2,
LONTL98ES,C019,A00183,K5-2024,2025-06-25T09:20:00,3,
L9ZUG4N2R,C019,A00247,K5-2025,2025-06-25T10:56:00,4,
LDP9PTT7X,C019,A00407,K5-2025,2025-06-25T11:37:00,3,Asked about pricing
L35STBOXX,C019,A00402,K5-2024,2025-06-25T18:42:00,5,
L0F9AHWXO,C019,A00057,K5-2024,2025-06-25T20:37:00,5,Interested in demo
LQLLPDZGU,C019,A00180,K5-2025,2025-06-25T13:33:00,3,
LG2AIJY9H,C019,A00052,K5-2025,2025-06-25T17:30:00,3,Wants case study
LK0A6KG30,C019,A00109,K5-2025,2025-06-25T20:42:00,2,Follow up after event
LQP2RIWP1,C019,A00138,K5-2025,2025-06-25T09:21:00,5,Follow up after event
LCTQBKAZH,C019,A00051,K5-2025,2025-06-25T12:02:00,5,Wants case study
L5JYXWCH3,C019,A00158,K5-2025,2025-06-25T15:38:00,5,Follow up after event
LKRBZ18LY,C019,A00241,K5-2025,2025-06-25T16:52:00,1,Interested in demo
LTUUGOS2U,C019,A00018,K5-2025,2025-06-25T14:54:00,5,Asked about pricing
LCGM9QO3I,C019,A00063,K5-2025,2025-06-25T20:12:00,5,
LJPZ6FPXV,C019,A00118,K5-2025,2025-06-25T16:19:00,3,
LD00YANR6,C019,A00270,K5-2025,2025-06-25T10:36:00,4,
LPMWQLRTB,C019,A00227,K5-2025,2025-06-25T14:27:00,1,Interested in demo
LL9HGKDNN,C019,A00149,K5-2024,2025-06-25T18:53:00,4,Interested in demo
LLO2S5D17,C019,A00286,K5-2025,2025-06-25T12:52:00,3,
LYGX71DCL,C019,A00373,K5-2024,2025-06-25T09:17:00,3,Wants case study
LP6BR15SD,C019,A00090,K5-2024,2025-06-25T20:19:00,3,Follow up after event
LUMCGSHUX,C019,A00342,K5-2024,2025-06-25T14:58:00,5,Interested in demo
LEXI2LY2H,C019,A00231,K5-2025,2025-06-25T13:48:00,1,Follow up after event
LJYSZW6UP,C019,A00349,K5-2024,2025-06-25T09:53:00,5,
LKXMNBVME,C019,A00385,K5-2024,2025-06-25T19:31:00,2,Follow up after event
LSF6F738E,C019,A00153,K5-2025,2025-06-25T19:42:00,4,
LP74KJSO2,C019,A00314,K5-2025,2025-06-25T12:17:00,3,
L5VO8M186,C019,A00240,K5-2024,2025-06-25T16:33:00,5,
L14KQ72K1,C019,A00370,K5-2024,2025-06-25T10:58:00,4,Wants case study
LOULAUWXF,C019,A00135,K5-2024,2025-06-25T10:12:00,1,
LBTBHRNYE,C019,A00306,K5-2025,2025-06-25T17:48:00,3,
LPH678JAZ,C019,A00148,K5-2025,2025-06-25T14:56:00,5,Interested in demo
LK3TVZS3U,C019,A00297,K5-2025,2025-06-25T15:41:00,1,
LR6RYT7CK,C007,A00204,K5-2025,2025-06-25T11:50:00,4,
L59GKIVZJ,C007,A00017,K5-2025,2025-06-25T13:18:00,4,Asked about pricing
LOLV2KOCW,C007,A00085,K5-2025,2025-06-25T17:01:00,1,Interested in demo
LJN8OMVHJ,C007,A00151,K5-2024,2025-06-25T12:36:00,4,Wants case study
LPKNWHTTK,C007,A00381,K5-2024,2025-06-25T17:51:00,2,
L0X2W5E2X,C007,A00012,K5-2025,2025-06-25T18:57:00,3,
LZ3ZVM7JQ,C007,A00028,K5-2024,2025-06-25T10:54:00,2,Follow up after event
LUYSNBWB1,C007,A00011,K5-2025,2025-06-25T19:32:00,5,
L5X1K7VTN,C007,A00077,K5-2025,2025-06-25T16:48:00,3,Follow up after event
LCYSDJHMA,C007,A00324,K5-2025,2025-06-25T12:34:00,1,Follow up after event
LZ9YC5WKR,C007,A00056,K5-2024,2025-06-25T11:42:00,2,Asked about pricing
LM6WDGNHD,C007,A00216,K5-2025,2025-06-25T14:11:00,4,Asked about pricing
LAFH1L74W,C007,A00267,K5-2024,2025-06-25T18:56:00,4,Wants case study
LV9W454MF,C007,A00345,K5-2025,2025-06-25T12:59:00,2,Wants case study
LNB39TQ92,C007,A00227,K5-2025,2025-06-25T16:36:00,3,Asked about pricing
LJZ6K2L9F,C007,A00033,K5-2025,2025-06-25T11:58:00,3,
LZMQ4FIWI,C007,A00010,K5-2025,2025-06-25T16:42:00,2,
LHWXB27K2,C007,A00307,K5-2024,2025-06-25T14:15:00,3,Interested in demo
L68ZOMG57,C007,A00339,K5-2025,2025-06-25T14:25:00,4,
LMCR9V4XO,C007,A00162,K5-2025,2025-06-25T17:19:00,4,Wants case study
LIO87WZLX,C007,A00384,K5-2025,2025-06-25T10:17:00,3,
LGBAO0I71,C007,A00254,K5-2025,2025-06-25T11:22:00,2,
L2HZB2MYC,C007,A00037,K5-2024,2025-06-25T17:31:00,5,Interested in demo
LNFP8B8M2,C007,A00051,K5-2025,2025-06-25T18:56:00,4,Wants case study
LTRMTNRPW,C007,A00388,K5-2024,2025-06-25T16:41:00,5,Follow up after event
L6NVLGSQM,C007,A00264,K5-2025,2025-06-25T20:16:00,4,Wants case study
L7NGND6P9,C007,A00239,K5-2025,2025-06-25T10:51:00,2,Asked about pricing
LEIW0Y49N,C007,A00402,K5-2025,2025-06-25T09:27:00,4,Asked about pricing
LDKR4VQW7,C007,A00167,K5-2024,2025-06-25T15:23:00,1,Asked about pricing
LGTEIXQGA,C007,A00350,K5-2024,2025-06-25T17:24:00,4,Follow up after event
LZWABSPF4,C007,A00090,K5-2024,2025-06-25T15:48:00,5,
L3GS8GB4A,C007,A00009,K5-2025,2025-06-25T18:55:00,3,Wants case study
L7SKTMOC5,C007,A00062,K5-2024,2025-06-25T11:33:00,1,Wants case study
LXR7XQ74H,C007,A00073,K5-2025,2025-06-25T19:52:00,3,Wants case study
LIL6ZEVK2,C007,A00139,K5-2025,2025-06-25T10:47:00,4,Follow up after event
L0OFJ288B,C007,A00063,K5-2025,2025-06-25T19:42:00,5,Asked about pricing
LOBZTHTC7,C007,A00291,K5-2025,2025-06-25T11:01:00,1,
L1NKAJWAT,C007,A00087,K5-2025,2025-06-25T13:53:00,2,
LHKI8GH9E,C007,A00048,K5-2024,2025-06-25T09:33:00,4,Wants case study
LOUX56A2H,C007,A00318,K5-2024,2025-06-25T19:24:00,5,Asked about pricing
L3ET7OX1N,C007,A00305,K5-2024,2025-06-25T10:50:00,4,
LYA7RTFTP,C007,A00044,K5-2025,2025-06-25T20:08:00,4,Follow up after event
LDKT1XA7O,C007,A00289,K5-2025,2025-06-25T19:52:00,3,Interested in demo
L94MJSSEV,C007,A00375,K5-2025,2025-06-25T14:42:00,1,
LOV4FP5V3,C007,A00018,K5-2025,2025-06-25T14:50:00,3,Interested in demo
L7NDTINQV,C007,A00068,K5-2025,2025-06-25T15:58:00,2,
LMWDTOYLC,C007,A00258,K5-2025,2025-06-25T20:53:00,2,
LLCB8SFCU,C007,A00004,K5-2025,2025-06-25T16:24:00,4,
LBTSUDAWA,C007,A00203,K5-2025,2025-06-25T17:41:00,3,
LO5TFF3IV,C007,A00315,K5-2025,2025-06-25T14:59:00,4,
LKNWMMM49,C007,A00047,K5-2025,2025-06-25T15:29:00,4,Wants case study
L0Y9IASZL,C007,A00142,K5-2025,2025-06-25T20:12:00,5,
LXZJXTP67,C007,A00101,K5-2024,2025-06-25T17:28:00,4,Wants case study
LFVZOHDHF,C007,A00029,K5-2025,2025-06-25T17:30:00,3,
LGA16ZT4L,C007,A00042,K5-2025,2025-06-25T13:47:00,3,Asked about pricing
LUTWOPCV2,C007,A00416,K5-2025,2025-06-25T15:01:00,3,Interested in demo
LZ0YGQV5A,C007,A00380,K5-2025,2025-06-25T10:45:00,5,Follow up after event
LG2FTKYPJ,C007,A00053,K5-2024,2025-06-25T18:04:00,5,Asked about pricing
L65TZ7ZW1,C007,A00130,K5-2024,2025-06-25T10:56:00,4,Wants case study
LA401YS0T,C007,A00103,K5-2025,2025-06-25T19:40:00,3,Wants case study
LWTSDJA50,C007,A00186,K5-2024,2025-06-25T15:27:00,2,Follow up after event
L3X5HXWLW,C007,A00418,K5-2024,2025-06-25T19:55:00,5,Interested in demo
LEX5JOQO0,C007,A00285,K5-2025,2025-06-25T17:52:00,4,
LWMAZC5P3,C007,A00377,K5-2025,2025-06-25T19:02:00,5,Interested in demo
LJ4TINTNB,C007,A00013,K5-2025,2025-06-25T09:59:00,1,
L68PFD2QV,C074,A00108,K5-2025,2025-06-25T17:40:00,1,Follow up after event
LQWMFOHSI,C074,A00404,K5-2024,2025-06-25T17:49:00,2,Follow up after event
LQ3ZMECTF,C074,A00193,K5-2025,2025-06-25T16:50:00,3,Interested in demo
LFU2BFMUU,C074,A00144,K5-2025,2025-06-25T20:47:00,2,Asked about pricing
L4B45ZVF8,C074,A00042,K5-2024,2025-06-25T09:20:00,3,
LFH4XUCL8,C074,A00077,K5-2025,2025-06-25T15:19:00,3,Interested in demo
LZENQODTX,C074,A00312,K5-2025,2025-06-25T17:50:00,2,Interested in demo
L6734DQ4C,C074,A00180,K5-2025,2025-06-25T16:11:00,2,Follow up after event
LZDCI0598,C074,A00381,K5-2025,2025-06-25T13:35:00,5,Interested in demo
LUNMH88LS,C074,A00278,K5-2025,2025-06-25T10:09:00,2,Interested in demo
LM9B5YR2L,C074,A00259,K5-2025,2025-06-25T20:09:00,2,Asked about pricing
LZ9VG4U2E,C074,A00410,K5-2025,2025-06-25T15:01:00,1,
L5I14LU17,C074,A00009,K5-2025,2025-06-25T18:47:00,2,Asked about pricing
L8HQWWDU7,C074,A00234,K5-2025,2025-06-25T18:13:00,5,
LGL6PCKUF,C074,A00287,K5-2024,2025-06-25T17:23:00,5,Asked about pricing
LRXJGQGUO,C074,A00284,K5-2025,2025-06-25T12:38:00,5,
L1NE71G18,C074,A00016,K5-2024,2025-06-25T10:17:00,3,Follow up after event
L87JG2DXL,C074,A00135,K5-2025,2025-06-25T13:55:00,3,
LH1E8ZW7W,C074,A00151,K5-2024,2025-06-25T15:48:00,3,Interested in demo
LKX24F08A,C074,A00249,K5-2025,2025-06-25T11:15:00,4,Follow up after event
LKE7VZ118,C074,A00064,K5-2024,2025-06-25T12:07:00,1,Asked about pricing
LNRVSJLYC,C074,A00372,K5-2024,2025-06-25T15:27:00,1,
LTIRYRCE5,C074,A00075,K5-2025,2025-06-25T16:00:00,4,
L7LY5G0KO,C074,A00099,K5-2024,2025-06-25T11:27:00,4,
L6KO4OUV2,C074,A00241,K5-2025,2025-06-25T16:39:00,5,Wants case study
L5I9A3S5F,C074,A00063,K5-2025,2025-06-25T10:32:00,3,Interested in demo
L1OJ4VHUV,C074,A00191,K5-2025,2025-06-25T09:49:00,2,Asked about pricing
LSVG6NULP,C074,A00113,K5-2025,2025-06-25T17:10:00,3,Asked about pricing
LGFOPFY99,C074,A00214,K5-2024,2025-06-25T14:00:00,5,Follow up after event
L8GAQ692N,C074,A00084,K5-2024,2025-06-25T12:01:00,2,
LAWC649EP,C074,A00322,K5-2025,2025-06-25T10:04:00,3,
LZEDHF57Z,C074,A00405,K5-2025,2025-06-25T20:56:00,2,Wants case study
LPHGCDKTC,C074,A00066,K5-2024,2025-06-25T18:36:00,4,Asked about pricing
LRKCO40ZK,C074,A00023,K5-2025,2025-06-25T11:55:00,2,
LF9PB64LZ,C074,A00235,K5-2024,2025-06-25T19:53:00,3,Wants case study
L8IKMFKSN,C074,A00198,K5-2025,2025-06-25T13:58:00,2,Asked about pricing
L07TUV7L4,C074,A00339,K5-2024,2025-06-25T17:39:00,3,Wants case study
L12KVQFN8,C074,A00174,K5-2024,2025-06-25T14:45:00,2,
LEYRVESQU,C074,A00190,K5-2025,2025-06-25T17:05:00,4,Interested in demo
LT9EBMEB0,C074,A00072,K5-2024,2025-06-25T09:05:00,5,Follow up after event
LGHN9CNSH,C074,A00120,K5-2025,2025-06-25T14:45:00,3,Interested in demo
LZY2ZMEAX,C074,A00311,K5-2025,2025-06-25T19:39:00,2,Follow up after event
LH47EDN1Z,C074,A00269,K5-2025,2025-06-25T17:47:00,3,
L4Z7F0WTE,C074,A00196,K5-2025,2025-06-25T17:31:00,4,Interested in demo
L6Z72CO4Z,C074,A00329,K5-2025,2025-06-25T17:21:00,3,Follow up after event
LQONMQVFG,C074,A00238,K5-2024,2025-06-25T19:46:00,3,Wants case study
LCY1VRKR2,C074,A00248,K5-2025,2025-06-25T12:02:00,3,Interested in demo
L29XK7MTK,C074,A00313,K5-2025,2025-06-25T10:51:00,4,
L1429MAYX,C074,A00237,K5-2025,2025-06-25T14:44:00,3,Follow up after event
LW8DWXHOF,C074,A00091,K5-2025,2025-06-25T19:40:00,5,Interested in demo
LXPEX73FK,C074,A00290,K5-2025,2025-06-25T18:55:00,1,
LZDH7EGUQ,C074,A00377,K5-2025,2025-06-25T12:48:00,4,Wants case study
LNL91ZMO1,C074,A00338,K5-2025,2025-06-25T14:44:00,5,Follow up after event
L70G6FAZY,C074,A00201,K5-2024,2025-06-25T10:00:00,4,Wants case study
LPF6XTAAZ,C074,A00227,K5-2024,2025-06-25T20:38:00,2,Follow up after event
L6W0VE547,C074,A00282,K5-2025,2025-06-25T13:09:00,2,Interested in demo
L98JX1RKM,C074,A00357,K5-2025,2025-06-25T11:39:00,3,Follow up after event
LS9H9XTDC,C074,A00279,K5-2024,2025-06-25T17:29:00,4,Wants case study
LEWI7XB4Y,C074,A00397,K5-2025,2025-06-25T12:41:00,3,
LNY6O378W,C074,A00053,K5-2025,2025-06-25T11:50:00,5,
LZE2AO69W,C074,A00062,K5-2025,2025-06-25T19:37:00,4,Wants case study
LEDMPX87E,C074,A00226,K5-2024,2025-06-25T13:49:00,4,
L1GT6XSZU,C074,A00268,K5-2025,2025-06-25T16:16:00,3,Asked about pricing
LV3OMR9N6,C074,A00390,K5-2025,2025-06-25T16:17:00,2,Interested in demo
LFPLNHO9F,C074,A00399,K5-2024,2025-06-25T20:58:00,5,Asked about pricing
L0T7Y6QXT,C074,A00074,K5-2025,2025-06-25T15:06:00,5,
LL6Y3L9FA,C074,A00096,K5-2025,2025-06-25T18:24:00,5,
LII31P99V,C074,A00071,K5-2024,2025-06-25T15:29:00,5,
LDAOPDI50,C074,A00276,K5-2025,2025-06-25T15:07:00,2,Follow up after event
LD761YYJU,C074,A00095,K5-2025,2025-06-25T09:02:00,1,
LLGD0PL2X,C074,A00195,K5-2025,2025-06-25T20:30:00,2,Follow up after event
LGQC01BMC,C074,A00319,K5-2024,2025-06-25T09:39:00,3,Wants case study
LXKWH8884,C074,A00295,K5-2024,2025-06-25T16:53:00,2,Interested in demo
LQR12XAHS,C074,A00079,K5-2024,2025-06-25T12:48:00,3,
L8G1OUVS6,C074,A00124,K5-2024,2025-06-25T09:56:00,2,Interested in demo
LH4XK8N2G,C074,A00181,K5-2025,2025-06-25T17:29:00,5,
LFHWRY3YG,C074,A00104,K5-2025,2025-06-25T13:01:00,4,
LO23JXWAC,C074,A00139,K5-2025,2025-06-25T19:06:00,2,
LVXD687CH,C074,A00041,K5-2024,2025-06-25T14:23:00,5,
L65B6PHW9,C074,A00402,K5-2025,2025-06-25T18:13:00,2,Interested in demo
LC2AC3FV4,C074,A00406,K5-2025,2025-06-25T11:08:00,3,Asked about pricing
L95RLAL91,C074,A00165,K5-2024,2025-06-25T11:30:00,2,Wants case study
LXDR8AS8D,C074,A00332,K5-2024,2025-06-25T16:40:00,2,Asked about pricing
L24TUTY9X,C074,A00350,K5-2025,2025-06-25T12:50:00,5,Asked about pricing
LIRY2JGD1,C074,A00183,K5-2024,2025-06-25T09:31:00,2,
LAP39JMDE,C074,A00197,K5-2024,2025-06-25T12:20:00,2,Wants case study
L2ZZ1H8TJ,C074,A00396,K5-2025,2025-06-25T19:44:00,1,
LRENKUX9L,C074,A00014,K5-2024,2025-06-25T10:25:00,3,Wants case study
L2ELBV2V1,C074,A00205,K5-2025,2025-06-25T18:51:00,3,Interested in demo
LW0CV2C7R,C074,A00003,K5-2024,2025-06-25T09:17:00,1,Interested in demo
L9O39BJRK,C074,A00398,K5-2025,2025-06-25T11:28:00,3,Interested in demo
LY9VFPANF,C074,A00217,K5-2025,2025-06-25T11:13:00,1,Wants case study
LDZ5BM0ZT,C074,A00321,K5-2024,2025-06-25T20:43:00,4,Interested in demo
L5UNHM34N,C074,A00106,K5-2024,2025-06-25T13:00:00,3,Asked about pricing
L9BNOZBYB,C074,A00395,K5-2025,2025-06-25T12:31:00,5,Asked about pricing
L300QEXRZ,C074,A00059,K5-2024,2025-06-25T18:49:00,4,Wants case study
L3QUB7LX4,C074,A00414,K5-2025,2025-06-25T15:56:00,2,Wants case study
LM126OMSV,C074,A00036,K5-2025,2025-06-25T20:28:00,3,Asked about pricing
LWJ114DO4,C074,A00115,K5-2024,2025-06-25T15:40:00,2,
LFBZBMQGQ,C074,A00280,K5-2024,2025-06-25T10:13:00,3,Wants case study
LLYWUKM7R,C074,A00336,K5-2025,2025-06-25T13:55:00,3,Asked about pricing
LQEU7XA4H,C074,A00122,K5-2025,2025-06-25T09:36:00,2,Follow up after event
LKTA9OAY9,C074,A00001,K5-2025,2025-06-25T09:23:00,4,Asked about pricing
L89XRY0DM,C023,A00097,K5-2024,2025-06-25T13:53:00,5,Asked about pricing
LVOGE32BV,C023,A00174,K5-2024,2025-06-25T12:30:00,4,Asked about pricing
LRHMZ2HN9,C023,A00278,K5-2025,2025-06-25T10:04:00,5,Wants case study
LO8ZSQC1M,C023,A00385,K5-2025,2025-06-25T10:15:00,3,Wants case study
L8DQZTO0I,C023,A00363,K5-2024,2025-06-25T20:58:00,2,
LP84I6PMF,C023,A00235,K5-2025,2025-06-25T11:59:00,2,
LSAKVVQRJ,C023,A00072,K5-2025,2025-06-25T10:29:00,2,Interested in demo
LGYIEO8O4,C023,A00003,K5-2025,2025-06-25T17:04:00,4,Follow up after event
LG57VYTA9,C023,A00140,K5-2025,2025-06-25T18:40:00,2,Wants case study
LTIY4E400,C023,A00418,K5-2024,2025-06-25T18:08:00,1,Interested in demo
LG6P5VMMD,C023,A00339,K5-2024,2025-06-25T18:26:00,4,Follow up after event
LC6JLNR7C,C023,A00181,K5-2025,2025-06-25T15:01:00,2,
LTS5TYYNP,C023,A00070,K5-2024,2025-06-25T12:35:00,2,Asked about pricing
LE8YE4OO2,C023,A00380,K5-2024,2025-06-25T14:04:00,5,Asked about pricing
LY2YFE1VN,C023,A00232,K5-2024,2025-06-25T18:26:00,4,
L9G39GHRL,C023,A00395,K5-2025,2025-06-25T19:02:00,3,
LDBDDM2UF,C023,A00162,K5-2025,2025-06-25T19:10:00,5,Wants case study
L8EZD5LW6,C023,A00175,K5-2025,2025-06-25T16:40:00,4,Interested in demo
LYOCODTD9,C023,A00044,K5-2025,2025-06-25T20:17:00,4,
L09UAMTW7,C023,A00358,K5-2025,2025-06-25T12:10:00,3,
LJ2IZMD2U,C023,A00114,K5-2025,2025-06-25T19:24:00,4,
LTPM7ODVN,C023,A00290,K5-2025,2025-06-25T14:24:00,5,
L8XQ7GG9E,C023,A00184,K5-2025,2025-06-25T15:35:00,2,Interested in demo
L0TJSJEVJ,C023,A00073,K5-2024,2025-06-25T15:43:00,2,
LFVLA1Y4N,C023,A00293,K5-2025,2025-06-25T18:45:00,5,Asked about pricing
LIGUIESGY,C023,A00076,K5-2024,2025-06-25T17:37:00,1,
LI6T22JIK,C023,A00402,K5-2025,2025-06-25T17:44:00,4,Follow up after event
LK8E165F6,C023,A00419,K5-2024,2025-06-25T09:13:00,2,Interested in demo
LLPPCL7RN,C023,A00081,K5-2025,2025-06-25T12:28:00,3,
LH9A88699,C023,A00094,K5-2025,2025-06-25T17:33:00,4,Wants case study
LG3G41Y1L,C023,A00280,K5-2024,2025-06-25T20:25:00,2,Follow up after event
LX2T584SD,C023,A00317,K5-2024,2025-06-25T17:20:00,2,Asked about pricing
LTPA75KVO,C023,A00093,K5-2025,2025-06-25T09:43:00,5,Wants case study
LZIAAF99Q,C023,A00396,K5-2025,2025-06-25T12:19:00,3,Wants case study
L8N3PZKL2,C023,A00035,K5-2025,2025-06-25T18:15:00,5,Asked about pricing
L1PPV1AV9,C023,A00371,K5-2025,2025-06-25T16:36:00,4,
LPERGPKCN,C023,A00237,K5-2025,2025-06-25T17:28:00,3,
LNMCOKL1Q,C023,A00221,K5-2025,2025-06-25T11:41:00,1,
LUXK2ABUC,C023,A00209,K5-2024,2025-06-25T11:43:00,1,Interested in demo
LX8UUUALQ,C023,A00062,K5-2025,2025-06-25T18:13:00,3,
L6ZM9VCSK,C023,A00368,K5-2025,2025-06-25T15:49:00,2,Wants case study
L3XF4MUZD,C023,A00074,K5-2025,2025-06-25T09:16:00,1,
LMLK038NT,C023,A00300,K5-2024,2025-06-25T17:45:00,3,Wants case study
LGTH74EFX,C023,A00120,K5-2025,2025-06-25T13:22:00,3,Follow up after event
LEGB5ECKA,C023,A00354,K5-2024,2025-06-25T17:27:00,5,
LT97UF0A8,C023,A00252,K5-2025,2025-06-25T20:30:00,5,Interested in demo
LE327PN5P,C023,A00182,K5-2024,2025-06-25T20:28:00,5,Wants case study
L1HU39IMQ,C023,A00215,K5-2025,2025-06-25T11:49:00,5,Follow up after event
LAX0PEOEW,C023,A00008,K5-2025,2025-06-25T10:07:00,2,Wants case study
LJBS7YEEY,C023,A00301,K5-2024,2025-06-25T10:29:00,4,Asked about pricing
LVBD5OLB0,C023,A00173,K5-2025,2025-06-25T18:27:00,3,Wants case study
LZDNLAPSR,C023,A00126,K5-2025,2025-06-25T19:01:00,5,Asked about pricing
LJFQHMTP7,C023,A00378,K5-2025,2025-06-25T09:51:00,2,
L9DFRUH8T,C023,A00020,K5-2024,2025-06-25T09:11:00,2,Follow up after event
LG0CSPNRM,C023,A00414,K5-2025,2025-06-25T19:13:00,2,Follow up after event
LAMIB4Z1H,C023,A00090,K5-2024,2025-06-25T18:21:00,3,Follow up after event
LAZ56PERF,C023,A00046,K5-2024,2025-06-25T14:02:00,2,Follow up after event
LG483V56P,C023,A00056,K5-2024,2025-06-25T15:26:00,1,Asked about pricing
LKG3LO4VB,C023,A00052,K5-2025,2025-06-25T19:34:00,3,Interested in demo
LDRI2UQ16,C023,A00145,K5-2024,2025-06-25T16:07:00,2,Wants case study
LF8CXNDEO,C059,A00027,K5-2024,2025-06-25T11:32:00,3,Wants case study
LS915QGBU,C059,A00197,K5-2024,2025-06-25T15:58:00,4,Wants case study
LYLKW6Q1A,C059,A00276,K5-2024,2025-06-25T17:41:00,4,Asked about pricing
L5A1PDW9N,C059,A00255,K5-2024,2025-06-25T11:14:00,2,Asked about pricing
LTC9WRCNA,C059,A00036,K5-2024,2025-06-25T11:18:00,3,Asked about pricing
LRKRYB7WT,C059,A00091,K5-2024,2025-06-25T09:38:00,5,Interested in demo
L8NIZRHD5,C059,A00379,K5-2025,2025-06-25T16:54:00,3,Follow up after event
L1MFJY541,C059,A00178,K5-2024,2025-06-25T14:00:00,3,
L8B1AEBGU,C059,A00214,K5-2025,2025-06-25T16:06:00,4,
LU6LC6986,C059,A00219,K5-2025,2025-06-25T18:18:00,1,
L76GY0963,C059,A00264,K5-2024,2025-06-25T13:13:00,3,Interested in demo
LSQQFAHL6,C059,A00361,K5-2024,2025-06-25T18:23:00,1,Interested in demo
LQIX57L5D,C059,A00113,K5-2025,2025-06-25T15:52:00,3,Interested in demo
LPEZS6HWQ,C059,A00185,K5-2025,2025-06-25T20:10:00,4,Interested in demo
L6U2VKJI8,C059,A00201,K5-2025,2025-06-25T18:41:00,1,
LUHGK4GLD,C059,A00073,K5-2025,2025-06-25T20:36:00,3,Wants case study
LLKK7QVH9,C059,A00222,K5-2025,2025-06-25T20:53:00,1,Wants case study
LEQGBP4FI,C059,A00024,K5-2024,2025-06-25T12:43:00,2,Follow up after event
LI2U92Q5E,C059,A00117,K5-2025,2025-06-25T15:56:00,2,Follow up after event
LS2SHRUBV,C059,A00348,K5-2024,2025-06-25T18:35:00,3,Asked about pricing
LXY1DLJW6,C059,A00290,K5-2025,2025-06-25T15:13:00,4,Follow up after event
L2AJT6068,C059,A00262,K5-2024,2025-06-25T13:35:00,3,Asked about pricing
LFUHDLZYF,C059,A00208,K5-2024,2025-06-25T14:58:00,1,Wants case study
L8V39EB33,C059,A00200,K5-2025,2025-06-25T14:21:00,3,Asked about pricing
L3YMY2STH,C059,A00116,K5-2025,2025-06-25T10:16:00,2,Interested in demo
LC2935QD6,C059,A00247,K5-2025,2025-06-25T18:15:00,1,Wants case study
LVZI7UVMU,C059,A00371,K5-2025,2025-06-25T17:11:00,3,
LFYJD1H6R,C059,A00199,K5-2025,2025-06-25T15:11:00,5,Interested in demo
L07TP6QBI,C059,A00228,K5-2024,2025-06-25T10:40:00,5,Asked about pricing
LQWMGZ6VV,C059,A00395,K5-2025,2025-06-25T11:41:00,3,Follow up after event
LFLU07TEB,C059,A00033,K5-2025,2025-06-25T18:45:00,5,Interested in demo
L5JY1AGRI,C059,A00306,K5-2025,2025-06-25T10:48:00,1,Follow up after event
LXFW9BIDR,C059,A00104,K5-2025,2025-06-25T11:45:00,4,
LLLTTC620,C059,A00266,K5-2025,2025-06-25T10:27:00,5,Wants case study
LTF7GDSRP,C059,A00418,K5-2024,2025-06-25T09:14:00,5,Wants case study
LNZ958F1Z,C059,A00412,K5-2024,2025-06-25T20:58:00,3,
LCDSVHM7X,C059,A00232,K5-2025,2025-06-25T11:57:00,3,Wants case study
LH20N63VF,C059,A00249,K5-2025,2025-06-25T11:43:00,2,Wants case study
L85BI0OEB,C059,A00067,K5-2024,2025-06-25T09:33:00,4,Asked about pricing
LPSVHJWOO,C059,A00069,K5-2025,2025-06-25T16:47:00,5,Wants case study
LTM908KQQ,C059,A00072,K5-2024,2025-06-25T16:11:00,2,Asked about pricing
LQS0OYG1E,C059,A00253,K5-2024,2025-06-25T20:38:00,2,
LPFDMW5NZ,C059,A00032,K5-2025,2025-06-25T19:10:00,5,Interested in demo
L67A0K7CN,C059,A00047,K5-2025,2025-06-25T09:37:00,5,
LWBDUFA54,C059,A00124,K5-2024,2025-06-25T17:31:00,2,
L4V5DBYKU,C059,A00239,K5-2025,2025-06-25T14:54:00,4,Wants case study
LR8X1AYSP,C059,A00295,K5-2025,2025-06-25T16:18:00,4,
LPKY2RM3C,C028,A00135,K5-2025,2025-06-25T12:52:00,2,Wants case study
L2S9YTSS0,C028,A00257,K5-2024,2025-06-25T20:13:00,4,Wants case study
L8HSPULGK,C028,A00417,K5-2025,2025-06-25T12:11:00,3,Asked about pricing
LA9M46OHF,C028,A00238,K5-2025,2025-06-25T09:18:00,4,Asked about pricing
LYLY415ZL,C028,A00193,K5-2025,2025-06-25T12:25:00,3,Interested in demo
LRWS827E8,C028,A00385,K5-2024,2025-06-25T15:19:00,1,Asked about pricing
LN3JIW3TP,C028,A00070,K5-2024,2025-06-25T11:03:00,3,Asked about pricing
LFI9M31L5,C028,A00102,K5-2025,2025-06-25T16:59:00,4,Asked about pricing
L8C4YA4LV,C028,A00327,K5-2025,2025-06-25T09:56:00,5,
LXXMM26AK,C028,A00326,K5-2025,2025-06-25T17:58:00,5,Interested in demo
L3MS7P3Y2,C028,A00131,K5-2024,2025-06-25T09:57:00,3,
LPDIR0GHZ,C028,A00279,K5-2024,2025-06-25T13:48:00,2,Interested in demo
LJ3Q3M00Z,C028,A00352,K5-2025,2025-06-25T12:00:00,4,Wants case study
L6GV1RRQD,C028,A00096,K5-2024,2025-06-25T17:39:00,4,Wants case study
L9DBEF1WE,C028,A00186,K5-2024,2025-06-25T17:09:00,5,Follow up after event
LBPMOAH4X,C028,A00141,K5-2024,2025-06-25T09:37:00,4,Follow up after event
LPPIQZV6O,C028,A00411,K5-2025,2025-06-25T20:41:00,4,
LHMC2H3V3,C028,A00011,K5-2025,2025-06-25T20:49:00,2,Asked about pricing
LG03P2LDS,C028,A00065,K5-2025,2025-06-25T10:13:00,2,Interested in demo
LURI58L0W,C028,A00002,K5-2025,2025-06-25T10:24:00,3,Asked about pricing
LDLTNZB1X,C028,A00410,K5-2024,2025-06-25T12:51:00,1,
L7FSSEFJU,C028,A00230,K5-2025,2025-06-25T20:05:00,2,Interested in demo
LVJKOPWGV,C028,A00118,K5-2024,2025-06-25T19:51:00,5,Follow up after event
L1VB6XVND,C028,A00105,K5-2024,2025-06-25T10:54:00,1,
L6QO6RLOR,C028,A00420,K5-2024,2025-06-25T19:29:00,5,Wants case study
LZB1Z7ME9,C028,A00015,K5-2025,2025-06-25T13:55:00,3,Interested in demo
L470KSUJU,C028,A00030,K5-2025,2025-06-25T18:58:00,2,Wants case study
L0B9SZFC4,C028,A00289,K5-2025,2025-06-25T20:00:00,5,Asked about pricing
LBLF5X6BP,C028,A00293,K5-2024,2025-06-25T11:23:00,2,Wants case study
LMW5HIBUX,C028,A00178,K5-2025,2025-06-25T09:43:00,1,
L3P6FFZ7Y,C028,A00355,K5-2025,2025-06-25T10:34:00,5,Wants case study
LXLDCW0ZI,C028,A00124,K5-2025,2025-06-25T15:59:00,2,Asked about pricing
LT0H2TAYB,C028,A00057,K5-2024,2025-06-25T11:34:00,5,
LYIPUF6FY,C028,A00129,K5-2024,2025-06-25T17:40:00,4,Wants case study
L4DFUJIL1,C028,A00213,K5-2025,2025-06-25T18:05:00,2,Wants case study
LFXFAJNRI,C028,A00321,K5-2025,2025-06-25T11:32:00,3,
L3DS3MXJX,C028,A00161,K5-2025,2025-06-25T10:15:00,1,Follow up after event
L878YQW25,C028,A00223,K5-2024,2025-06-25T17:24:00,4,
LLGKZDWB2,C028,A00391,K5-2025,2025-06-25T12:47:00,1,
LQ40EYN9I,C028,A00074,K5-2024,2025-06-25T19:31:00,3,Asked about pricing
LQSWP2WJH,C028,A00419,K5-2024,2025-06-25T20:06:00,1,Asked about pricing
LTFP7PKWC,C028,A00137,K5-2024,2025-06-25T15:04:00,4,
L7BEMHBSV,C028,A00337,K5-2025,2025-06-25T09:23:00,4,Follow up after event
L2XX2AJY4,C028,A00340,K5-2025,2025-06-25T15:10:00,5,Interested in demo
L1OWYPH0Q,C028,A00082,K5-2024,2025-06-25T17:54:00,4,
LMTV3ZT41,C028,A00260,K5-2025,2025-06-25T14:09:00,4,
LQBJ7JQ2D,C028,A00206,K5-2025,2025-06-25T13:27:00,1,Follow up after event
LQPK83SCU,C028,A00140,K5-2025,2025-06-25T12:27:00,5,Wants case study
LIGGKOT15,C028,A00393,K5-2024,2025-06-25T19:55:00,1,Wants case study
LR03J8DQC,C028,A00058,K5-2024,2025-06-25T20:52:00,2,Follow up after event
LYMO431KZ,C028,A00198,K5-2024,2025-06-25T11:12:00,1,
LGJRMKNCX,C028,A00294,K5-2025,2025-06-25T11:03:00,2,Asked about pricing
LI6W0QN84,C028,A00261,K5-2024,2025-06-25T17:21:00,1,Interested in demo
LIOTM7M0Y,C028,A00142,K5-2024,2025-06-25T15:50:00,3,Wants case study
LEAPNO0MT,C028,A00389,K5-2024,2025-06-25T10:50:00,3,
LAPYL8CEI,C028,A00300,K5-2025,2025-06-25T12:34:00,3,
LEG9L56Q1,C028,A00409,K5-2025,2025-06-25T10:37:00,5,Follow up after event
LZUIBAILT,C028,A00101,K5-2024,2025-06-25T15:23:00,5,Wants case study
LZUUAE0QL,C028,A00051,K5-2025,2025-06-25T19:33:00,4,
LBR0UIPQS,C028,A00262,K5-2024,2025-06-25T19:43:00,4,
LZP06LATD,C028,A00025,K5-2025,2025-06-25T17:11:00,1,
LGQGZEQZS,C028,A00113,K5-2024,2025-06-25T14:39:00,4,Follow up after event
LGXXC121D,C028,A00325,K5-2024,2025-06-25T10:05:00,4,Follow up after event
LNQU4W8EE,C028,A00041,K5-2025,2025-06-25T19:24:00,2,Interested in demo
LV5GR6CCG,C028,A00341,K5-2025,2025-06-25T09:15:00,5,Wants case study
LLR28ZR4G,C028,A00401,K5-2024,2025-06-25T20:35:00,5,Wants case study
LK59MYX88,C028,A00373,K5-2025,2025-06-25T19:02:00,3,Follow up after event
L6DDUSES7,C028,A00086,K5-2025,2025-06-25T17:11:00,3,Asked about pricing
LQMW8VMYT,C028,A00021,K5-2024,2025-06-25T19:21:00,1,Wants case study
LOD1LCNHZ,C028,A00351,K5-2024,2025-06-25T09:22:00,5,
LVD0OVKFM,C028,A00306,K5-2024,2025-06-25T19:03:00,4,Interested in demo
L9XS01NB5,C028,A00164,K5-2025,2025-06-25T11:29:00,4,Asked about pricing
LGLZPOF10,C028,A00146,K5-2025,2025-06-25T19:42:00,4,Follow up after event
L6B31RN92,C028,A00035,K5-2025,2025-06-25T12:24:00,3,
LWQ9HI5Y1,C028,A00022,K5-2025,2025-06-25T10:35:00,2,
LXK3CGJTL,C028,A00382,K5-2024,2025-06-25T15:28:00,3,
LRFTAPVSA,C028,A00333,K5-2025,2025-06-25T17:54:00,2,Interested in demo
L6NJ342QH,C028,A00362,K5-2025,2025-06-25T10:59:00,5,
LWFXFQXXL,C028,A00380,K5-2025,2025-06-25T19:02:00,2,
L61QBCHBY,C028,A00116,K5-2025,2025-06-25T19:45:00,2,Wants case study
LB8Q6GY7Y,C028,A00310,K5-2025,2025-06-25T13:45:00,5,Follow up after event
LLORK5QDL,C028,A00026,K5-2024,2025-06-25T17:46:00,3,Asked about pricing
LC05AT6W7,C028,A00350,K5-2024,2025-06-25T16:18:00,3,
L8RKHUNNS,C028,A00128,K5-2025,2025-06-25T16:39:00,3,
LM51JA7N5,C028,A00226,K5-2025,2025-06-25T18:19:00,5,Follow up after event
LUMESYANY,C028,A00181,K5-2025,2025-06-25T13:45:00,1,Asked about pricing
LU1G4MEQG,C028,A00224,K5-2024,2025-06-25T16:44:00,4,Asked about pricing
LCFZN5AYN,C028,A00200,K5-2024,2025-06-25T20:11:00,4,Interested in demo
LC7C4219N,C028,A00078,K5-2025,2025-06-25T21:00:00,4,Wants case study
L3CSFNEM3,C028,A00024,K5-2025,2025-06-25T09:54:00,5,
LT93UXSGJ,C028,A00272,K5-2024,2025-06-25T18:35:00,3,
LYRQ9H2GM,C028,A00068,K5-2025,2025-06-25T10:57:00,5,Asked about pricing
LOMJN79P7,C028,A00221,K5-2024,2025-06-25T14:26:00,3,
L61VRC037,C028,A00163,K5-2025,2025-06-25T10:06:00,2,Wants case study
LR45TW3UT,C028,A00322,K5-2025,2025-06-25T20:10:00,4,
LBNP9KKCB,C028,A00199,K5-2024,2025-06-25T15:00:00,3,Asked about pricing
LWHTG9MHX,C028,A00315,K5-2025,2025-06-25T10:34:00,5,
LIT02MADN,C077,A00125,K5-2024,2025-06-25T10:34:00,1,
LK2RKO49Z,C077,A00136,K5-2025,2025-06-25T10:30:00,4,Wants case study
L35QFY393,C077,A00052,K5-2024,2025-06-25T12:59:00,3,
LG85YCEU8,C077,A00029,K5-2025,2025-06-25T16:57:00,3,Wants case study
LE27XQFZ6,C077,A00117,K5-2025,2025-06-25T20:17:00,5,
LQAPIOBON,C077,A00216,K5-2024,2025-06-25T14:28:00,2,Follow up after event
LU7TDKB9Y,C077,A00272,K5-2024,2025-06-25T17:13:00,4,
LC8PAIHAE,C077,A00027,K5-2025,2025-06-25T12:18:00,3,
LFA6202SD,C077,A00111,K5-2024,2025-06-25T12:18:00,3,Follow up after event
LCLQEWJYA,C077,A00347,K5-2025,2025-06-25T19:50:00,1,
L6N0IY6P6,C077,A00129,K5-2024,2025-06-25T12:26:00,3,Follow up after event
L62F1YBOS,C077,A00348,K5-2025,2025-06-25T12:11:00,4,Wants case study
LFOAMSJS6,C077,A00034,K5-2024,2025-06-25T16:57:00,1,
LNY5E366G,C077,A00154,K5-2024,2025-06-25T17:48:00,5,Interested in demo
LYHS7KBZD,C077,A00088,K5-2024,2025-06-25T19:23:00,3,
LXL4WVKUL,C077,A00293,K5-2024,2025-06-25T15:47:00,3,Interested in demo
LPGOIZHZQ,C077,A00224,K5-2024,2025-06-25T16:05:00,5,Asked about pricing
LU9VHLFW6,C077,A00044,K5-2025,2025-06-25T10:02:00,4,Interested in demo
LGYVMGH54,C077,A00168,K5-2025,2025-06-25T17:30:00,3,Wants case study
LUZKBRQQS,C077,A00403,K5-2025,2025-06-25T10:36:00,3,
LWTY4K0PB,C077,A00368,K5-2024,2025-06-25T18:08:00,1,Interested in demo
LXSDA896V,C077,A00057,K5-2025,2025-06-25T15:40:00,4,
LSLV15PUF,C077,A00080,K5-2025,2025-06-25T17:51:00,3,Wants case study
L5GCAJNTO,C077,A00113,K5-2025,2025-06-25T17:05:00,5,Wants case study
LGRSAUCDL,C077,A00312,K5-2024,2025-06-25T10:20:00,5,Wants case study
LQVGEU61X,C077,A00378,K5-2025,2025-06-25T14:22:00,3,Asked about pricing
L4PO7YTZA,C077,A00171,K5-2025,2025-06-25T17:52:00,4,Interested in demo
L86EQLQBM,C077,A00019,K5-2025,2025-06-25T16:14:00,2,
L00XLYLU9,C077,A00165,K5-2025,2025-06-25T18:43:00,1,Wants case study
L4JFQJVH3,C077,A00349,K5-2025,2025-06-25T18:33:00,3,
LUSWZPQ8E,C077,A00344,K5-2025,2025-06-25T10:27:00,4,Follow up after event
LNXKZKM24,C077,A00214,K5-2024,2025-06-25T11:19:00,3,
LEZH0DDLV,C077,A00061,K5-2024,2025-06-25T19:10:00,1,Wants case study
LJ0MI9754,C077,A00014,K5-2025,2025-06-25T16:20:00,4,Interested in demo
L82K3HIB4,C077,A00292,K5-2025,2025-06-25T10:10:00,3,Wants case study
LHHOONC05,C077,A00049,K5-2024,2025-06-25T15:16:00,3,Interested in demo
LI7SYS1KW,C077,A00108,K5-2025,2025-06-25T18:03:00,3,Follow up after event
LR7HU9SXY,C077,A00340,K5-2025,2025-06-25T09:07:00,2,Interested in demo
L1LKPF1DP,C077,A00380,K5-2025,2025-06-25T13:49:00,4,Asked about pricing
LSK9KM5YH,C077,A00083,K5-2025,2025-06-25T15:24:00,2,Follow up after event
LTQN8129A,C077,A00037,K5-2025,2025-06-25T16:13:00,1,
LLNB2S5DQ,C077,A00227,K5-2025,2025-06-25T12:28:00,3,Follow up after event
LT52HPNPC,C077,A00263,K5-2025,2025-06-25T16:07:00,3,Wants case study
LOZ79CQU5,C077,A00396,K5-2025,2025-06-25T10:33:00,4,
L4JBVH19G,C077,A00174,K5-2025,2025-06-25T20:47:00,3,Interested in demo
LA4Y9LTZA,C077,A00353,K5-2025,2025-06-25T20:16:00,2,
LBOXHG60Y,C077,A00352,K5-2025,2025-06-25T10:28:00,5,Wants case study
L9QONWUCQ,C077,A00068,K5-2024,2025-06-25T13:27:00,5,Interested in demo
LVNBXTZ8B,C077,A00339,K5-2024,2025-06-25T20:03:00,4,Asked about pricing
LCNJV4JGQ,C077,A00245,K5-2025,2025-06-25T20:15:00,5,Follow up after event
LKYTPZFXG,C077,A00274,K5-2025,2025-06-25T09:36:00,2,Follow up after event
LA815JE31,C077,A00259,K5-2024,2025-06-25T13:25:00,3,Interested in demo
LZWB8FWLR,C077,A00124,K5-2025,2025-06-25T16:19:00,5,
LKYVS7NGP,C077,A00419,K5-2024,2025-06-25T12:30:00,4,Follow up after event
L3QUOC3NE,C077,A00046,K5-2025,2025-06-25T16:45:00,1,Follow up after event
LXCSO5D58,C077,A00197,K5-2024,2025-06-25T17:56:00,4,Interested in demo
LHC582CKR,C077,A00233,K5-2024,2025-06-25T18:58:00,1,
L6D4I432Z,C077,A00199,K5-2024,2025-06-25T12:27:00,3,
LFABN7XWD,C077,A00017,K5-2025,2025-06-25T20:55:00,2,Interested in demo
L7TNDFHQV,C077,A00242,K5-2025,2025-06-25T10:46:00,1,Asked about pricing
LS5543RRC,C077,A00195,K5-2024,2025-06-25T16:37:00,4,Asked about pricing
L3MWTHBL8,C077,A00036,K5-2025,2025-06-25T11:04:00,5,Wants case study
LC6NDXN44,C077,A00146,K5-2025,2025-06-25T10:23:00,4,Interested in demo
LFFSFTYTS,C077,A00260,K5-2025,2025-06-25T20:54:00,2,Wants case study
L1D0AJPZ0,C077,A00372,K5-2024,2025-06-25T14:44:00,4,Asked about pricing
LQA0VM00R,C077,A00240,K5-2024,2025-06-25T18:18:00,4,Interested in demo
LDB3K0O15,C077,A00404,K5-2025,2025-06-25T10:07:00,2,Asked about pricing
LFQDAOD73,C077,A00198,K5-2025,2025-06-25T09:27:00,3,Interested in demo
LW0DAH1EF,C077,A00028,K5-2025,2025-06-25T16:52:00,5,Follow up after event
LTDENSO30,C077,A00011,K5-2024,2025-06-25T14:58:00,3,Follow up after event
LXVFIBJP1,C077,A00400,K5-2025,2025-06-25T11:17:00,3,Follow up after event
LBKTLJ1EG,C077,A00089,K5-2024,2025-06-25T16:58:00,3,
LD3V6KSR4,C077,A00287,K5-2024,2025-06-25T15:57:00,3,Follow up after event
LW8PCZJX9,C077,A00420,K5-2025,2025-06-25T11:26:00,3,Asked about pricing
LD7MKSJVI,C077,A00317,K5-2025,2025-06-25T15:42:00,3,Asked about pricing
L8IMPCSF4,C077,A00045,K5-2025,2025-06-25T11:46:00,2,
LIHZSLUU5,C077,A00093,K5-2025,2025-06-25T11:04:00,4,
LTJG72I3G,C077,A00107,K5-2025,2025-06-25T11:58:00,3,
LJ750K6XF,C077,A00261,K5-2024,2025-06-25T10:27:00,2,Asked about pricing
LP3L98PBY,C077,A00346,K5-2025,2025-06-25T16:49:00,3,Interested in demo
L7ZDO90QJ,C077,A00360,K5-2024,2025-06-25T13:48:00,5,
LZJ8A3B26,C077,A00371,K5-2024,2025-06-25T14:12:00,4,Asked about pricing
LD60HTPLE,C077,A00276,K5-2025,2025-06-25T14:43:00,4,Interested in demo
L4I6RHDLI,C077,A00319,K5-2024,2025-06-25T15:14:00,3,Interested in demo
L7SGSRSS1,C077,A00280,K5-2024,2025-06-25T10:56:00,2,Wants case study
L2I9XK2UV,C077,A00153,K5-2024,2025-06-25T14:13:00,2,
LLNQ3HZLL,C077,A00364,K5-2024,2025-06-25T13:27:00,3,
L9PAZHBS6,C077,A00060,K5-2024,2025-06-25T10:29:00,3,Wants case study
LJ2R7O5L9,C077,A00175,K5-2025,2025-06-25T17:31:00,4,Follow up after event
LTQ45Z9SJ,C077,A00313,K5-2024,2025-06-25T11:44:00,5,Follow up after event
LDR670P98,C077,A00002,K5-2024,2025-06-25T16:19:00,5,
LN492375V,C077,A00160,K5-2024,2025-06-25T11:29:00,5,
LYQM8TYAT,C077,A00290,K5-2024,2025-06-25T17:29:00,5,Interested in demo
L74SUE0KJ,C077,A00217,K5-2025,2025-06-25T10:48:00,2,
L3INLEV0I,C077,A00102,K5-2025,2025-06-25T17:20:00,2,Interested in demo
L9POQYP29,C077,A00337,K5-2025,2025-06-25T09:38:00,5,Wants case study
LSSP6VWXK,C077,A00047,K5-2025,2025-06-25T12:46:00,5,Follow up after event
LLRCOMM3C,C055,A00189,K5-2024,2025-06-25T16:03:00,2,Follow up after event
LMMYU5116,C055,A00246,K5-2025,2025-06-25T19:09:00,3,Wants case study
L8CLAL7Q2,C055,A00203,K5-2025,2025-06-25T17:17:00,4,Interested in demo
LC5E2VT8E,C055,A00020,K5-2024,2025-06-25T16:17:00,2,Asked about pricing
LNO4935TP,C055,A00225,K5-2024,2025-06-25T15:43:00,2,
L8REFIOTS,C055,A00268,K5-2025,2025-06-25T17:31:00,2,
L6NU89JJF,C055,A00345,K5-2025,2025-06-25T20:13:00,3,Wants case study
L639IHC3D,C055,A00158,K5-2025,2025-06-25T09:03:00,4,Interested in demo
LIL61E1JN,C055,A00336,K5-2024,2025-06-25T15:31:00,3,Asked about pricing
LWW0P36PM,C055,A00370,K5-2024,2025-06-25T20:27:00,3,
L0MXEFMIS,C055,A00356,K5-2025,2025-06-25T19:01:00,2,Wants case study
LP4MF4RCY,C055,A00411,K5-2025,2025-06-25T10:05:00,3,Asked about pricing
L3PU1X8MH,C055,A00287,K5-2024,2025-06-25T19:55:00,4,Wants case study
LWFUIQ6I9,C055,A00329,K5-2025,2025-06-25T20:06:00,3,
LVGO6X616,C055,A00198,K5-2024,2025-06-25T14:16:00,5,
LJEEZOGKJ,C055,A00072,K5-2025,2025-06-25T15:29:00,3,
LU8S91USF,C055,A00230,K5-2025,2025-06-25T18:16:00,4,Follow up after event
LLANCRRE6,C055,A00223,K5-2025,2025-06-25T16:42:00,3,
LLWDPTFEF,C055,A00205,K5-2025,2025-06-25T18:30:00,3,Follow up after event
LC460ZLVC,C055,A00300,K5-2025,2025-06-25T16:34:00,4,Asked about pricing
L2LO5QDYG,C055,A00320,K5-2025,2025-06-25T09:15:00,4,Follow up after event
L59NS6JGX,C055,A00152,K5-2024,2025-06-25T12:30:00,4,Asked about pricing
LVJ41IRG1,C055,A00303,K5-2025,2025-06-25T20:46:00,3,Follow up after event
LIETQJ6WO,C055,A00141,K5-2025,2025-06-25T21:00:00,3,Interested in demo
LH1EUXN89,C055,A00304,K5-2025,2025-06-25T19:47:00,4,
LASDY7T08,C055,A00260,K5-2024,2025-06-25T10:38:00,3,Asked about pricing
LKF8XO8XQ,C055,A00185,K5-2025,2025-06-25T18:32:00,3,Wants case study
LNM30QQVE,C055,A00077,K5-2025,2025-06-25T11:16:00,5,Interested in demo
LVV0C2CKA,C055,A00140,K5-2024,2025-06-25T11:59:00,3,
LX0556HTG,C055,A00137,K5-2024,2025-06-25T20:21:00,5,
LI6227K6U,C055,A00177,K5-2024,2025-06-25T16:44:00,2,Follow up after event
LYI9HYJIH,C055,A00252,K5-2024,2025-06-25T12:50:00,1,Interested in demo
L7H5K30YG,C055,A00024,K5-2025,2025-06-25T16:52:00,3,
LLYFRRX3F,C055,A00049,K5-2025,2025-06-25T12:33:00,2,Wants case study
LONE8D0AI,C055,A00368,K5-2024,2025-06-25T18:03:00,4,
L0H9Z2RFK,C055,A00291,K5-2025,2025-06-25T17:12:00,1,
LL3EL2ZG8,C055,A00096,K5-2025,2025-06-25T20:19:00,4,Interested in demo
L394VLN49,C055,A00143,K5-2025,2025-06-25T19:35:00,3,
LLRZFWBLS,C055,A00388,K5-2025,2025-06-25T13:30:00,5,
LTHRJ9APJ,C055,A00078,K5-2025,2025-06-25T18:20:00,5,Wants case study
LVQA8LPQK,C055,A00084,K5-2025,2025-06-25T13:40:00,2,Wants case study
LE70O5BY1,C055,A00136,K5-2025,2025-06-25T20:49:00,2,
L9NJMJQOQ,C055,A00405,K5-2025,2025-06-25T18:19:00,3,Wants case study
LAP93IXQ9,C055,A00193,K5-2025,2025-06-25T20:18:00,5,Interested in demo
L1HZGF6L7,C055,A00007,K5-2024,2025-06-25T16:08:00,3,Follow up after event
LKDJPYJ4I,C055,A00323,K5-2025,2025-06-25T18:28:00,3,Asked about pricing
L8192WEFM,C055,A00301,K5-2025,2025-06-25T15:00:00,3,
LGX6T1NNX,C055,A00201,K5-2025,2025-06-25T11:36:00,1,Interested in demo
LZYM73ZQU,C055,A00310,K5-2025,2025-06-25T19:44:00,3,
L9XJ4VQVR,C055,A00059,K5-2025,2025-06-25T15:40:00,3,
LT467YA4A,C055,A00245,K5-2025,2025-06-25T15:50:00,4,Asked about pricing
LQN137K9N,C055,A00060,K5-2025,2025-06-25T18:21:00,1,
LVFTKHBVC,C055,A00014,K5-2025,2025-06-25T20:02:00,4,
L0L46YJ5R,C055,A00021,K5-2025,2025-06-25T14:01:00,2,Interested in demo
LRDONEBFU,C055,A00277,K5-2025,2025-06-25T12:02:00,3,Asked about pricing
LT4RCNHYN,C055,A00373,K5-2025,2025-06-25T20:55:00,3,Follow up after event
L8MCVEMSC,C055,A00106,K5-2025,2025-06-25T16:42:00,4,Interested in demo
LO1KYBNW9,C055,A00339,K5-2025,2025-06-25T09:27:00,3,Follow up after event
LHJ1EV1TL,C055,A00156,K5-2025,2025-06-25T16:07:00,3,Interested in demo
LA6K114Z5,C055,A00045,K5-2025,2025-06-25T13:50:00,3,Wants case study
LYF98PVIW,C055,A00184,K5-2024,2025-06-25T19:52:00,4,
LAY1R7SU9,C055,A00192,K5-2025,2025-06-25T15:50:00,3,Follow up after event
LETKJ5G2J,C055,A00410,K5-2025,2025-06-25T19:45:00,3,Follow up after event
L2WCJBYWC,C055,A00299,K5-2025,2025-06-25T11:01:00,5,Asked about pricing
LAVYPFP3F,C055,A00174,K5-2025,2025-06-25T20:30:00,5,Follow up after event
L2ETFT6U4,C055,A00087,K5-2024,2025-06-25T14:34:00,3,Asked about pricing
LSNWYLR1J,C055,A00218,K5-2025,2025-06-25T13:59:00,5,
LZ6GYHADF,C055,A00199,K5-2025,2025-06-25T14:34:00,5,Follow up after event
LGP226ENW,C055,A00110,K5-2025,2025-06-25T15:54:00,2,
LJNM6ZMTM,C055,A00403,K5-2025,2025-06-25T19:46:00,2,Follow up after event
L3NLXBLHR,C055,A00389,K5-2024,2025-06-25T15:57:00,4,Asked about pricing
LIHXUC6BL,C055,A00275,K5-2025,2025-06-25T12:12:00,3,
LUEDBSCVW,C055,A00331,K5-2024,2025-06-25T20:13:00,4,Interested in demo
LTF8TAYCL,C055,A00214,K5-2025,2025-06-25T16:46:00,4,Wants case study
LZITABH6R,C055,A00052,K5-2024,2025-06-25T18:51:00,1,Follow up after event
LYXNR1XBL,C055,A00170,K5-2024,2025-06-25T20:55:00,2,Interested in demo
L9NDSPS71,C055,A00016,K5-2025,2025-06-25T14:48:00,5,Wants case study
LH2XYLQBA,C055,A00092,K5-2025,2025-06-25T11:48:00,2,Asked about pricing
L6Y66TUZK,C055,A00073,K5-2025,2025-06-25T18:23:00,5,Wants case study
LZLHGZE7U,C055,A00321,K5-2024,2025-06-25T17:34:00,5,Wants case study
LGDHP4IXP,C055,A00069,K5-2024,2025-06-25T19:45:00,4,
LRHOKPDVX,C055,A00395,K5-2025,2025-06-25T10:13:00,3,Asked about pricing
LSUZAASUS,C055,A00164,K5-2025,2025-06-25T20:22:00,3,Follow up after event
LCHNL941W,C055,A00022,K5-2025,2025-06-25T11:52:00,1,Follow up after event
LKN29Z8ZX,C055,A00115,K5-2025,2025-06-25T10:21:00,3,Follow up after event
L8TOIOCZY,C055,A00099,K5-2025,2025-06-25T18:20:00,5,Wants case study
LYKS5R3QD,C055,A00046,K5-2025,2025-06-25T16:23:00,3,Wants case study
LA6HJAFZA,C055,A00196,K5-2025,2025-06-25T15:28:00,4,
LP0C952W1,C055,A00151,K5-2024,2025-06-25T20:53:00,5,
LRC4ASHVV,C055,A00360,K5-2025,2025-06-25T15:42:00,4,Asked about pricing
LN9ULOX3L,C055,A00207,K5-2024,2025-06-25T18:06:00,3,Interested in demo
LVU3MZAOK,C055,A00003,K5-2025,2025-06-25T18:48:00,4,Interested in demo
LLNIIYAP2,C055,A00123,K5-2025,2025-06-25T13:24:00,2,Wants case study
L4D5N0TA8,C055,A00311,K5-2024,2025-06-25T12:55:00,5,
LEN6P2LLC,C055,A00067,K5-2024,2025-06-25T12:46:00,3,
L8P4CXUH2,C055,A00334,K5-2024,2025-06-25T18:57:00,5,Asked about pricing
LNOJR5XTE,C055,A00363,K5-2025,2025-06-25T09:54:00,4,
LHUO2H8CY,C055,A00284,K5-2024,2025-06-25T17:09:00,5,Interested in demo
L4C20T1XU,C055,A00288,K5-2024,2025-06-25T14:29:00,1,
L4JTAGH7F,C055,A00384,K5-2024,2025-06-25T10:05:00,3,
L9FQBCKX5,C055,A00090,K5-2025,2025-06-25T18:36:00,3,Follow up after event
L12VGQSF5,C055,A00346,K5-2024,2025-06-25T12:41:00,4,Wants case study
L6GALIH8W,C055,A00001,K5-2025,2025-06-25T10:37:00,3,
LBBN7RKX1,C055,A00292,K5-2024,2025-06-25T15:33:00,4,Wants case study
L63RRTJP2,C055,A00375,K5-2025,2025-06-25T09:11:00,5,
LNRIU090A,C055,A00130,K5-2025,2025-06-25T13:15:00,3,Wants case study
LUYI28EKP,C055,A00348,K5-2025,2025-06-25T11:51:00,4,Wants case study
LC6OKS6X0,C055,A00042,K5-2025,2025-06-25T20:34:00,1,Asked about pricing
LM2VEGDPF,C055,A00200,K5-2024,2025-06-25T18:44:00,4,
LVFSNT61Z,C055,A00058,K5-2025,2025-06-25T16:27:00,3,Follow up after event
LHKHS49SF,C055,A00297,K5-2025,2025-06-25T10:41:00,3,
LYVUD6SSH,C055,A00243,K5-2024,2025-06-25T13:42:00,3,Wants case study
LRAM5RL7T,C055,A00272,K5-2025,2025-06-25T15:31:00,5,Interested in demo
LNR0PSF4P,C055,A00134,K5-2025,2025-06-25T19:18:00,2,Wants case study
LFI8B2GL1,C055,A00126,K5-2024,2025-06-25T12:10:00,5,Interested in demo
L9ZLWQGCC,C063,A00253,K5-2025,2025-06-25T19:02:00,2,Interested in demo
LJ9AC5RLQ,C063,A00222,K5-2025,2025-06-25T20:11:00,2,
LC8LDNCLB,C063,A00179,K5-2024,2025-06-25T14:33:00,2,
LOX6U3HG3,C063,A00320,K5-2024,2025-06-25T17:11:00,5,Asked about pricing
LBRA2GCB9,C063,A00025,K5-2025,2025-06-25T10:12:00,4,Wants case study
L4UBNR0NN,C063,A00164,K5-2024,2025-06-25T15:11:00,4,
LO16ZMDIE,C063,A00301,K5-2025,2025-06-25T20:24:00,2,Wants case study
LI85X6REN,C063,A00217,K5-2024,2025-06-25T15:00:00,4,Follow up after event
LTXEN4CCM,C063,A00410,K5-2025,2025-06-25T13:58:00,4,Wants case study
LS71ZRRS4,C063,A00280,K5-2025,2025-06-25T15:40:00,2,Interested in demo
L8FOMXZER,C063,A00390,K5-2025,2025-06-25T16:58:00,2,Wants case study
LTWM20ULX,C063,A00115,K5-2025,2025-06-25T19:42:00,2,
LOI7AYL69,C063,A00017,K5-2024,2025-06-25T19:40:00,1,Wants case study
LLK7AC77W,C063,A00268,K5-2024,2025-06-25T14:17:00,2,Asked about pricing
L0GJL0OTC,C063,A00062,K5-2025,2025-06-25T17:15:00,2,
LAW8BF21P,C063,A00276,K5-2024,2025-06-25T17:45:00,4,Asked about pricing
L9I35W6W5,C063,A00031,K5-2025,2025-06-25T10:58:00,2,Asked about pricing
LO07HWRJS,C063,A00336,K5-2025,2025-06-25T17:47:00,2,Interested in demo
LDZUYIAT9,C063,A00351,K5-2025,2025-06-25T18:58:00,2,
LXKFLY9SO,C063,A00302,K5-2025,2025-06-25T18:49:00,2,Asked about pricing
L44P2S8ZT,C063,A00363,K5-2025,2025-06-25T17:19:00,3,
LLV2B2GUU,C063,A00235,K5-2025,2025-06-25T12:17:00,2,Follow up after event
LJ9498L2G,C063,A00227,K5-2024,2025-06-25T12:03:00,4,
LJKL4WA3F,C063,A00061,K5-2024,2025-06-25T13:15:00,3,Asked about pricing
L8XWJ4C3U,C063,A00181,K5-2024,2025-06-25T15:58:00,1,
LOARRNHUQ,C063,A00097,K5-2025,2025-06-25T12:40:00,1,
LIGAZGYND,C063,A00241,K5-2025,2025-06-25T12:42:00,5,Interested in demo
L0LUD8Q2H,C063,A00101,K5-2024,2025-06-25T10:34:00,3,
LY6Z869DW,C063,A00156,K5-2024,2025-06-25T17:33:00,5,
LDZTKHYOI,C063,A00264,K5-2024,2025-06-25T10:46:00,4,
LBB1KKFVE,C063,A00306,K5-2025,2025-06-25T16:18:00,4,Interested in demo
LWAPEB2AG,C063,A00384,K5-2025,2025-06-25T20:24:00,2,
LR3U6U28X,C063,A00096,K5-2025,2025-06-25T12:05:00,4,Follow up after event
LPV457AN7,C063,A00295,K5-2024,2025-06-25T15:15:00,5,Wants case study
LII4UNGJI,C063,A00293,K5-2025,2025-06-25T17:23:00,3,
LCTV0T1G3,C063,A00395,K5-2025,2025-06-25T12:38:00,5,
LMVD33ZLG,C063,A00027,K5-2025,2025-06-25T12:16:00,2,Asked about pricing
LIWIU150L,C063,A00283,K5-2025,2025-06-25T10:27:00,4,Asked about pricing
LXDTRAK4R,C063,A00420,K5-2025,2025-06-25T13:01:00,3,Asked about pricing
LCMLFH2XC,C063,A00366,K5-2025,2025-06-25T10:42:00,3,Wants case study
L4FPZPAVD,C063,A00158,K5-2024,2025-06-25T09:24:00,4,
L7LZ5Z1FE,C063,A00162,K5-2024,2025-06-25T14:53:00,3,Wants case study
L5O0TPV2R,C063,A00230,K5-2025,2025-06-25T20:18:00,1,Interested in demo
L73GC850X,C063,A00002,K5-2024,2025-06-25T11:51:00,5,Interested in demo
L8OG2YZ6C,C063,A00178,K5-2025,2025-06-25T18:25:00,4,Follow up after event
LDYA8Z1PL,C063,A00419,K5-2025,2025-06-25T15:56:00,3,Asked about pricing
L0H7BVGKP,C063,A00076,K5-2025,2025-06-25T16:44:00,4,Wants case study
L0F998VFA,C063,A00161,K5-2025,2025-06-25T18:59:00,4,Wants case study
LFZZSQNNO,C063,A00044,K5-2025,2025-06-25T12:27:00,3,Asked about pricing
L3V8S88DT,C063,A00176,K5-2024,2025-06-25T19:43:00,2,Asked about pricing
LQQQFWQOD,C063,A00332,K5-2024,2025-06-25T10:18:00,2,
L3NKG1OM5,C063,A00292,K5-2025,2025-06-25T20:11:00,3,Wants case study
LUQSFXFV0,C063,A00203,K5-2025,2025-06-25T12:29:00,4,Follow up after event
L34282051,C063,A00148,K5-2025,2025-06-25T15:22:00,3,
LF8E8G0OQ,C063,A00228,K5-2024,2025-06-25T20:03:00,3,
L5QIMN8AW,C063,A00261,K5-2025,2025-06-25T12:04:00,2,
LGNP1JYBM,C063,A00266,K5-2024,2025-06-25T14:25:00,4,Wants case study
LFSMKJ1NY,C063,A00408,K5-2025,2025-06-25T20:57:00,3,Interested in demo
L33YSM8CD,C063,A00343,K5-2025,2025-06-25T10:45:00,2,
LO57Y7ITM,C063,A00347,K5-2025,2025-06-25T18:24:00,3,
LNPNQ0NQZ,C063,A00287,K5-2025,2025-06-25T16:51:00,3,Follow up after event
LKM3BQF00,C063,A00396,K5-2025,2025-06-25T12:33:00,2,
L2X3CV4C0,C063,A00168,K5-2025,2025-06-25T12:30:00,3,Interested in demo
LT6QR55GF,C063,A00337,K5-2025,2025-06-25T12:06:00,5,Follow up after event
L9T08ZSJU,C063,A00006,K5-2025,2025-06-25T15:20:00,5,Follow up after event
L42ZUTP19,C063,A00202,K5-2025,2025-06-25T20:29:00,5,
LSCNFAWI0,C063,A00360,K5-2024,2025-06-25T20:35:00,5,Follow up after event
LR6BBCSDT,C063,A00285,K5-2024,2025-06-25T11:20:00,2,
LEFORCHHB,C063,A00418,K5-2024,2025-06-25T17:45:00,3,Follow up after event
L1VMEFC60,C063,A00138,K5-2025,2025-06-25T16:03:00,3,Asked about pricing
L5TYB7JNN,C063,A00290,K5-2025,2025-06-25T16:57:00,4,Asked about pricing
LXJVQI3EU,C063,A00389,K5-2024,2025-06-25T13:29:00,3,Interested in demo
L1JXPVTQ0,C063,A00054,K5-2025,2025-06-25T11:59:00,5,
LMPSUY7PY,C063,A00304,K5-2025,2025-06-25T17:12:00,3,
L1KTXPMG2,C063,A00083,K5-2025,2025-06-25T17:08:00,2,Follow up after event
LAZF6LWI9,C063,A00136,K5-2024,2025-06-25T19:07:00,4,Asked about pricing
LFHEWRKZN,C063,A00281,K5-2025,2025-06-25T11:55:00,4,Asked about pricing
L0H5PDUTV,C063,A00354,K5-2024,2025-06-25T20:35:00,1,
LL6CA1EVG,C063,A00104,K5-2024,2025-06-25T14:54:00,3,Interested in demo
LLGG4X63C,C063,A00412,K5-2025,2025-06-25T16:53:00,5,Asked about pricing
LIKDO7DOB,C063,A00327,K5-2024,2025-06-25T14:29:00,4,Wants case study
LMXZWCKO1,C063,A00294,K5-2025,2025-06-25T19:08:00,2,Follow up after event
LPU522LA7,C063,A00399,K5-2024,2025-06-25T15:41:00,5,Wants case study
LNUNQ4V64,C063,A00313,K5-2025,2025-06-25T10:15:00,5,Interested in demo
L67H2YXG5,C063,A00248,K5-2025,2025-06-25T15:17:00,5,Wants case study
LQBG8K7H0,C063,A00026,K5-2025,2025-06-25T16:33:00,4,
LYAVRKXFJ,C063,A00244,K5-2024,2025-06-25T10:21:00,3,Wants case study
LXE69H6AY,C063,A00070,K5-2025,2025-06-25T10:30:00,2,Wants case study
LFL46ZWYA,C063,A00255,K5-2025,2025-06-25T20:44:00,5,Follow up after event
LRPPNMRDJ,C063,A00225,K5-2025,2025-06-25T18:22:00,1,Asked about pricing
LHMNSGDOI,C063,A00213,K5-2025,2025-06-25T09:04:00,5,
LZK3VNDC1,C063,A00350,K5-2025,2025-06-25T11:15:00,1,
LVQBJRFKG,C063,A00145,K5-2025,2025-06-25T20:32:00,1,Interested in demo
LVYHQQDGX,C063,A00089,K5-2024,2025-06-25T16:48:00,3,
LQ75TW29V,C063,A00142,K5-2025,2025-06-25T17:05:00,5,Asked about pricing
LD1BKG5WU,C063,A00211,K5-2024,2025-06-25T09:11:00,3,
LI7ENKFE1,C063,A00291,K5-2025,2025-06-25T16:56:00,4,Wants case study
LK2QXFALB,C063,A00411,K5-2024,2025-06-25T15:59:00,3,Wants case study
LE1J2W3E1,C063,A00315,K5-2025,2025-06-25T12:29:00,3,Asked about pricing
L72AJ6UPW,C063,A00379,K5-2024,2025-06-25T10:32:00,5,Follow up after event
LSP9AWOOT,C063,A00377,K5-2025,2025-06-25T12:08:00,3,Follow up after event
L7QGBR3M4,C063,A00339,K5-2025,2025-06-25T17:44:00,3,Follow up after event
L9FMR4UP6,C063,A00032,K5-2025,2025-06-25T19:38:00,5,Wants case study
LYVQHN85U,C063,A00341,K5-2025,2025-06-25T18:27:00,3,Asked about pricing
L0A57Z3VF,C063,A00246,K5-2025,2025-06-25T13:16:00,1,Asked about pricing
LOVOAWRMV,C063,A00125,K5-2025,2025-06-25T19:17:00,2,
LZZ825B0J,C063,A00036,K5-2025,2025-06-25T14:58:00,5,
LHDOMRD99,C063,A00212,K5-2025,2025-06-25T16:29:00,5,
LDRIVB0XR,C063,A00171,K5-2025,2025-06-25T14:53:00,2,
LEDJZ8B2F,C063,A00318,K5-2025,2025-06-25T17:03:00,3,Asked about pricing
LJ42PNZN8,C063,A00050,K5-2024,2025-06-25T17:09:00,5,Wants case study
L0D22VKYB,C063,A00257,K5-2025,2025-06-25T10:35:00,3,
LND89NEXX,C063,A00091,K5-2025,2025-06-25T18:08:00,5,Asked about pricing
LQ1DWCU6G,C063,A00133,K5-2024,2025-06-25T18:27:00,4,
L0TBX34B1,C063,A00380,K5-2025,2025-06-25T09:22:00,3,
LZQCMJ0NP,C063,A00414,K5-2025,2025-06-25T16:32:00,3,Asked about pricing
LAAK0RFDY,C063,A00252,K5-2025,2025-06-25T17:37:00,3,Follow up after event
L0VXX4LMQ,C033,A00273,K5-2025,2025-06-25T14:47:00,1,
L8QWR1MN4,C033,A00056,K5-2025,2025-06-25T15:11:00,4,
LAT4WQKPW,C033,A00418,K5-2024,2025-06-25T10:36:00,4,Wants case study
LC7TD8OW2,C033,A00392,K5-2025,2025-06-25T09:19:00,4,Interested in demo
L3TNP4KPX,C033,A00091,K5-2024,2025-06-25T14:39:00,5,Follow up after event
LR537SOG5,C033,A00340,K5-2025,2025-06-25T09:27:00,5,Interested in demo
L0UZAESJI,C033,A00272,K5-2025,2025-06-25T14:40:00,1,
LRL3JQ6Z0,C033,A00361,K5-2025,2025-06-25T19:43:00,4,Wants case study
LE1ZMU90A,C033,A00359,K5-2024,2025-06-25T14:57:00,2,Asked about pricing
LZWUDCWLL,C033,A00051,K5-2024,2025-06-25T13:31:00,3,Interested in demo
LDWJ0PKO7,C033,A00152,K5-2025,2025-06-25T19:20:00,3,
LZ0K42JHP,C033,A00277,K5-2025,2025-06-25T17:37:00,5,Wants case study
LE6ORTDHK,C033,A00048,K5-2025,2025-06-25T10:37:00,5,
L4OLFHSDZ,C033,A00258,K5-2025,2025-06-25T12:37:00,2,Asked about pricing
LWYCYC45Z,C033,A00405,K5-2025,2025-06-25T12:23:00,5,Follow up after event
LKNSFK6O5,C033,A00400,K5-2025,2025-06-25T12:21:00,5,Interested in demo
LICFVW9M4,C033,A00105,K5-2025,2025-06-25T10:24:00,1,Follow up after event
LBYQIURYO,C033,A00412,K5-2025,2025-06-25T15:11:00,2,Asked about pricing
LUTMN1ORD,C033,A00172,K5-2024,2025-06-25T13:22:00,5,Wants case study
LZ6TMV29B,C033,A00393,K5-2024,2025-06-25T10:04:00,5,Interested in demo
LPBTNAES6,C033,A00377,K5-2025,2025-06-25T13:17:00,5,
LNW5W1MI4,C033,A00003,K5-2024,2025-06-25T19:50:00,5,
LE0D2Y5OI,C033,A00358,K5-2024,2025-06-25T19:52:00,4,
L15BT3CEY,C033,A00320,K5-2024,2025-06-25T12:26:00,5,Asked about pricing
L2AMEQHU8,C033,A00189,K5-2024,2025-06-25T10:07:00,2,Interested in demo
LHIGXOARR,C033,A00332,K5-2025,2025-06-25T18:51:00,4,Wants case study
LSC13I1BV,C033,A00160,K5-2025,2025-06-25T09:00:00,1,Follow up after event
LEQ640B7G,C033,A00403,K5-2025,2025-06-25T20:02:00,4,Follow up after event
LSMO1H67K,C033,A00181,K5-2025,2025-06-25T17:57:00,3,Follow up after event
L5SBVF2FT,C033,A00309,K5-2025,2025-06-25T13:57:00,4,Interested in demo
LX80MSXIS,C033,A00159,K5-2025,2025-06-25T17:39:00,4,Follow up after event
LFZGX7U5U,C033,A00239,K5-2025,2025-06-25T15:59:00,1,Interested in demo
LR32SVKGT,C033,A00074,K5-2025,2025-06-25T11:19:00,2,
LKCVGEAM7,C033,A00205,K5-2025,2025-06-25T16:45:00,3,Asked about pricing
LSQH4ZOU4,C033,A00017,K5-2024,2025-06-25T19:51:00,3,
LHA97WQ6K,C033,A00162,K5-2025,2025-06-25T17:44:00,3,Asked about pricing
L0YJIFJLP,C033,A00335,K5-2024,2025-06-25T11:59:00,4,Follow up after event
L4AO6RPHY,C033,A00054,K5-2025,2025-06-25T20:18:00,4,Interested in demo
LTHC5862T,C033,A00190,K5-2024,2025-06-25T19:19:00,5,
L6X59MN9E,C033,A00196,K5-2024,2025-06-25T16:06:00,2,Interested in demo
LVD40C8NO,C033,A00047,K5-2025,2025-06-25T12:33:00,5,Follow up after event
LNDELA6OC,C033,A00191,K5-2024,2025-06-25T19:02:00,5,
L4NSZP61D,C033,A00305,K5-2025,2025-06-25T09:38:00,5,Interested in demo
